arm,ticker,final_portfolio_value,sharpe_ratio,max_drawdown,capital_preservation_rate_95pct_hwm
A,AAPL,997484.9804374024,-0.15031164821367882,0.008486532988394413,0.9943825697758129
A,AMAT,999214.3885898464,-0.018334260230503517,0.014420657325455055,0.9922203059560863
A,AMD,1021163.3393082863,0.28503497287206014,0.025529253600255375,0.9757890252243739
A,AMZN,1003468.1279769479,0.025881619946109574,0.036890119090949414,0.9818436297591402
A,AVGO,997141.9573134632,-0.04869761293881549,0.01976313581893452,0.9881332648259049
A,AXP,1020809.9343797101,0.7295497542702832,0.005763447052942627,0.9962044838328871
A,BA,1007142.5289374124,0.29571119635026266,0.005812365975207956,0.9947552911877413
A,BLK,991290.5692983448,-0.4861174791542129,0.009980205072829262,0.9912905692983448
A,BRK-B,1027015.9978931304,0.33846253350121847,0.09382058409007787,0.9654294263270844
A,C,1003198.3777352639,0.15973748692585754,0.008248035878381244,0.9984853801642796
A,CAT,991465.5081311903,-0.4457231669410977,0.012963975163477914,0.9911308499031297
A,COPX,1023128.5784019274,0.21414196455984585,0.08618753829884851,0.9298052220613695
A,COST,1022703.9447358137,0.3988224330190009,0.09861219407290905,0.9213329000781993
A,CRM,973778.9525362984,-0.49323686175118386,0.03462627669197116,0.9737789525362985
A,DIA,998971.5330400073,-0.0784857568363923,0.005888617713347921,0.9963737566940227
A,EEMX,997646.581042034,-0.1898342601601284,0.005727341888220716,0.9973843101593829
A,GLD,1023725.8834631738,0.3799807003312146,0.049627705160798286,0.9635166300802691
A,GOOGL,1012310.5439533616,0.1674540340995876,0.021411196509636188,0.9792066190519536
A,GS,1004243.7235515728,0.2268295987645324,0.005874629144371535,0.9991102729508758
A,HSBC,1007717.2792572894,0.4862836999830002,0.0031518100939328386,0.9975354714979836
A,IAU,1025839.4683520782,0.42946943594069864,0.05403038994734882,0.9656941282936815
A,IBB,992358.3388828826,-0.3880724485117436,0.012501342511243463,0.9923583388828826
A,IBM,1004324.9056413993,0.33643047507803336,0.0029377644234331868,0.9970622355765668
A,IJR,996310.7443975665,-0.11898189958015107,0.020167014903306302,0.991869427831103
A,JNJ,1000686.5414171554,0.06301331767608831,0.04688110382693872,0.9891904587297224
A,JPM,1005655.6593019762,0.22974752690427186,0.00713245433268811,0.9964879650818999
A,LLY,2740242.999024029,1.1350820997541953,0.27418431875989957,0.9769630554848113
A,MA,987575.2264585681,-0.5127709483416625,0.01867311038358227,0.9823354070252788
A,MCD,1001393.6236070839,0.11247579978288177,0.0042487090265840854,0.9957512909734159
A,META,886334.4580321021,-0.5351873037386249,0.12102028103293383,0.8814050987726181
A,MSFT,995211.3386980006,-0.1297812735671673,0.015602094286749302,0.9884896915376198
A,NFLX,952863.6783742722,-0.6917713585312133,0.049066725507028175,0.9528636783742721
A,NVDA,1007632.4888570064,0.10233487597532556,0.021802844956865408,0.9872189705975082
A,ORCL,1003773.3164447366,0.16781913697147413,0.006842012227190053,0.9957503841724369
A,PGR,1002412.6958557017,0.19558104051007325,0.004198760398466339,0.9958012396015337
A,PLTR,967419.5658471589,-0.4107314798057279,0.05197072684821902,0.9674195658471589
A,PPLT,994106.0485652264,-0.056109174084897594,0.05587627464745609,0.9483051469838599
A,QCOM,1006766.8864957069,0.09673244151389565,0.02595058120681193,0.9792752179358578
A,QQQ,992844.7120705763,-0.20730769858075357,0.016159999629498656,0.9892769674675137
A,REGN,1063672.845981109,0.2955478105698165,0.08433257184407339,0.9413948662913206
A,RY,999821.1388694558,-0.021343750831874706,0.0029679519210089045,0.9971044946221391
A,RYTM,894458.284928496,-0.3094511389768937,0.3831145396076487,0.7571750611478425
A,SAP,993265.2409668844,-0.2744090514574265,0.012299916762250396,0.9932652409668844
A,SCHB,997334.5612836522,-0.12927353319538565,0.009517365992875448,0.9947090108920555
A,SCHD,999490.691465188,-0.04174396102706441,0.00580683213664368,0.9959138886422454
A,SCHF,1000389.7749272805,0.025390623720714996,0.006190678219739176,0.9968878284409868
A,SCHG,993862.908751763,-0.18868026274332658,0.01495406047006298,0.9914789216424938
A,SCHK,997811.9846080153,-0.1005947380924305,0.009784781787669505,0.9942127990051273
A,SCHV,1000202.9169492582,0.01502645041800728,0.005710851024555708,0.9963728113568324
A,SCHW,1007211.4227098156,0.24826586986790644,0.00802506044797574,0.9929117855037695
A,SLV,1029511.422257387,0.3825864677780221,0.05113258705732682,0.9504614295355156
A,SNY,1009678.0684360352,0.3968048630976492,0.0070422526980361555,0.9944065831008173
A,SPOT,929410.24256469,-0.49388121084286074,0.08782005216309785,0.92941024256469
A,SPY,997940.7594231849,-0.09699945645399788,0.00940177462630365,0.9936467888293466
A,SPYG,995063.0175533253,-0.15102795319698342,0.014716473379839168,0.9900473502161842
A,SPYV,1000273.5042220154,0.027218553090061402,0.004601000169883074,0.9974087678595613
A,SPYX,997416.7453802656,-0.11407858007012459,0.010038029689616979,0.9931030779118162
A,TAN,944515.6484146577,-0.04720898066465404,0.21974430504075415,0.8230321299828667
A,TMUS,1431370.7710875252,0.668965552227055,0.1834698329051132,0.8360871644663432
A,TSLA,990441.3478007799,-0.25571019810542617,0.01860529491564511,0.9904413478007799
A,TSM,999231.53024462,-0.023793614332618198,0.013852596447702537,0.9952775069841353
A,V,993842.193123169,-0.29839748288361967,0.012880625478569163,0.9879916208304682
A,VOO,997932.954094784,-0.09858334790691091,0.009295966341954176,0.9937191220704059
A,VTI,997647.5163497784,-0.11353393769860108,0.009490202016056881,0.9947396508651015
A,VYM,1000683.0672511719,0.06282894795473892,0.004362025678490644,0.9969836241150711
A,VYMI,1004193.8618407066,0.42487668410444523,0.002540509095189991,0.9978739310266445
A,XLF,1007293.4648020251,0.3935882349592066,0.004434795810427716,0.997017167627308
A,XLI,995830.5085133461,-0.25405307977574954,0.010002047846477402,0.9927744124543294
A,XLK,995301.6309738101,-0.18620992250385363,0.012126488223455634,0.9917236622552849
A,XLU,1025174.5708121307,0.20587004972763245,0.07577483599905249,0.9585775745926746
B,AAPL,1408580.8448196768,0.4738875746068433,0.22472283382744335,0.9668147691037545
B,AMAT,1760441.0117050535,0.45595114254198177,0.3637647325659259,0.966378395063282
B,AMD,1045227.7114635499,0.24149554763350722,0.12176381829684063,0.951900308537484
B,AMZN,1614697.6467201617,0.42315233051316326,0.3355333936969726,0.9204519447457283
B,AVGO,6107096.147066793,1.0900701237773884,0.4098171816450544,0.8479054372167798
B,AXP,2162674.6090972614,0.8084368343202161,0.27517500287871366,0.9759318178546619
B,BA,1092681.88595291,0.10921169028641403,0.30765223178039847,0.8880668121002131
B,BLK,1219432.1961494097,0.21441138272407412,0.17701331339336823,0.9407141454597685
B,BRK-B,1600717.3480136958,0.7192551322470269,0.2136658052818849,0.9282248501978265
B,C,2227245.66905388,0.7520821458037942,0.313431013428372,0.9722742589434397
B,CAT,2973061.073391498,1.0152535889499226,0.33804405981817065,0.92512754586522
B,COPX,2116938.0998177016,0.6116192610009232,0.39582379886925717,0.9639493140573328
B,COST,1766692.3552200107,0.6964013268159854,0.20710776466475517,0.8095266085689942
B,CRM,958785.2414022374,-0.3435309626120291,0.1169670339796805,0.9447542830144298
B,DIA,1371759.8998005216,0.7053508255189631,0.14245053641389238,0.9952486992959755
B,EEMX,1240549.653158131,0.4270108493910303,0.17469690271644311,0.988253466039064
B,GLD,2315781.464340541,1.3771792296295617,0.18024314405192882,0.956471698554773
B,GOOGL,2495445.675774061,0.7825283495736326,0.3314371950420879,0.9701837490930147
B,GS,2828965.8873612643,1.0307679084793593,0.3087330108062774,0.9793095498780151
B,HSBC,2852249.444253112,1.2298329913759913,0.2191462056516807,0.9860504779095312
B,IAU,2324456.706805122,1.4006529243930625,0.17411320466609204,0.9562925253504365
B,IBB,1246936.671629022,0.34223350146009046,0.19794564650134183,0.9834015224108266
B,IBM,2327670.3161566863,1.0815215424382871,0.17494019019359242,0.973699534365777
B,IJR,1148468.624234616,0.22567855756222885,0.18549183496987875,0.9872561845057467
B,JNJ,1341029.8465416138,0.4668068762858359,0.16955990249166197,0.9691605195971598
B,JPM,2486952.9207493314,1.0438440475280495,0.24500479289217408,0.9835357128877864
B,LLY,4040425.320369092,1.1820129545983091,0.3404933562032539,0.9719796996725566
B,MA,1614046.698614428,0.5918273757000752,0.19827241129495526,0.9661129300556897
B,MCD,1052106.3344740404,0.19852923922813825,0.10982634632754101,0.9737288828315199
B,META,2792186.0745108854,0.6417234739570465,0.5574986422215621,0.8358745578590274
B,MSFT,1581469.5840935374,0.5143190742454398,0.22989215193705703,0.9064521827639387
B,NFLX,2185852.745721289,0.6317801899884419,0.3789907250300183,0.717948973269156
B,NVDA,7928846.773312813,1.127564984591057,0.44098404222495446,0.9092478510704537
B,ORCL,2548539.147324528,0.637052605083233,0.44716563473282184,0.6036637883809938
B,PGR,2042515.089723348,0.7869151343419323,0.2969723922177639,0.7874533655016338
B,PLTR,14921137.912611194,1.1620256344713928,0.420493653035863,0.8905997581461254
B,PPLT,2046159.0098203346,0.668724652428206,0.23604377245187974,0.8757157087680444
B,QCOM,1109331.1115970453,0.10646058169773782,0.29930190089015174,0.8477597858951984
B,QQQ,1632281.048935664,0.7219742200653273,0.21003883657209615,0.9813084036440122
B,REGN,1235708.5693233921,0.2045579331097157,0.5515247639851615,0.6885948574486249
B,RY,1781607.3589626206,0.8528652173968263,0.22889625680669812,1.0
B,RYTM,9236322.883943437,0.9406018074053032,0.5438842654210578,0.9569155210568704
B,SAP,2050316.0989324104,0.7804119471430668,0.27007610421836975,0.7936113611250708
B,SCHB,1590760.7288824061,0.7548245283354702,0.1870604585265554,0.9967022383893405
B,SCHD,1192580.7231168165,0.3534380415976752,0.14598783788563924,0.9816664669196775
B,SCHF,1452652.3794036605,0.6487044344920512,0.19522765841033085,0.9983889337149812
B,SCHG,1836430.4081905896,0.7752862002534908,0.22394972014340686,0.9789088960738725
B,SCHK,1596058.9160178145,0.7760389357782219,0.185441432681691,0.9967648950535188
B,SCHV,1335187.0089626256,0.6166055870227873,0.1340346240551163,0.9978363551274722
B,SCHW,1274552.2514512818,0.24988284370002037,0.34189893995180043,0.9944890202593728
B,SLV,3106537.369159242,1.0433921558844035,0.23890830393253149,0.9281496740747703
B,SNY,1064173.093914229,0.09633038286920786,0.2102934901729493,0.9032694309083718
B,SPOT,3214560.542320217,0.7886051012908533,0.48031710199880956,0.7741793383694379
B,SPY,1646812.0713576032,0.7893883986693668,0.18488655352023886,0.9963510831175051
B,SPYG,1670808.3354529869,0.7374041016948154,0.21274712011115937,0.9857396463754491
B,SPYV,1443917.0349829406,0.7683777667420528,0.157250466419385,0.9982589077537096
B,SPYX,1557028.3136374485,0.7932081437402654,0.17975317397671609,0.9962311861692255
B,TAN,989807.018784728,-0.16174004727970276,0.02676816719125641,0.9873068261424951
B,TMUS,1760121.4358024872,0.6664432926710103,0.27594113009424404,0.7537023068988822
B,TSLA,1023127.5377370205,0.10432042137702463,0.05455632575751168,0.9660234808697182
B,TSM,2810185.873322863,0.7995955213898942,0.38626583498788253,0.9731026502590157
B,V,1661858.849365035,0.6297457320379554,0.1612078755107456,0.9537633283515995
B,VOO,1627326.6778041972,0.8135481146551163,0.18193010964823025,0.9965106749109078
B,VTI,1556059.60105974,0.7522764154171432,0.1840357468958863,0.9957576326403812
B,VYM,1443146.0179790158,0.7109796381563378,0.14070769463489896,0.9857483528876517
B,VYMI,1506854.154641064,0.8433042729416376,0.1745331893464448,0.9982799909199214
B,XLF,1553637.742415059,0.6511189460463915,0.15565696036508697,0.9926911017912347
B,XLI,1644397.5000642638,0.8076541112306428,0.1821160879532288,0.9960151490308069
B,XLK,1862586.181025505,0.7408395754908708,0.24449389785297737,0.9623154695207377
B,XLU,1390464.5770304045,0.5173391475718339,0.2063806130049236,0.9312426403399752
C,AAPL,1663821.131756464,0.4891351288120793,0.3298306325876959,0.9567398078075808
C,AMAT,1961593.593410608,0.48103091001125836,0.4509748971159362,0.9580369703034493
C,AMD,1600980.02687479,0.32058479995731803,0.46069192542539317,0.863242126831899
C,AMZN,1533574.5816503307,0.3520215353887646,0.3389965701519007,0.917450786730136
C,AVGO,6457562.320415741,1.1060159714818283,0.41146125754610163,0.8476617215326799
C,AXP,2188132.4437879953,0.7536440996595586,0.28713530809798227,0.9751419656946272
C,BA,1027741.3518588841,0.09243595231851692,0.29916201767359085,0.8894603902126683
C,BLK,1569338.5353751336,0.4644149746215084,0.25048194990403183,0.9094770090210555
C,BRK-B,1575303.5539233736,0.6872485482575559,0.23143080565164043,0.9282288083243547
C,C,2148340.875825261,0.7390168575163075,0.32004653050609205,0.9728810101126438
C,CAT,2889851.5698355096,0.9940431411328804,0.33581449090478865,0.9252223669047557
C,COPX,2000545.5552151015,0.595823627495222,0.38113830355013134,0.9652133715894249
C,COST,1766740.7728960738,0.6580235347515805,0.2534704793587616,0.8092099585865863
C,CRM,962185.0588610035,-0.49674225665667116,0.0642243875945932,0.9478827628795485
C,DIA,1497363.2567278869,0.7115688384304418,0.15954333451676495,0.9949900487495092
C,EEMX,1161793.4681258998,0.35501935335113666,0.17896404017731504,0.9883381379569547
C,GLD,2310694.8304163627,1.3716261945087849,0.17699331137477065,0.9564716980476542
C,GOOGL,2401291.121073799,0.7670896858189733,0.3347548792625358,0.9705915317751348
C,GS,2796133.3584799464,0.9922536159532789,0.3084435579938591,0.9793158475672876
C,HSBC,2902358.1232496463,1.1605376530047324,0.26276395238488154,0.9859947090007908
C,IAU,2321410.963905231,1.3766651666693184,0.17894541163798589,0.9562925253389616
C,IBB,1221788.7611549753,0.3331483335949952,0.188253793853908,0.9857592874792791
C,IBM,2491791.873791332,1.0898965438425599,0.19452273702116718,0.9711321422955588
C,IJR,1144618.0871666092,0.22001793479225532,0.20901613761769045,0.9842498528901616
C,JNJ,1351902.2784212895,0.46833055537417145,0.17234069046572348,0.9691366273058177
C,JPM,2484286.6655510077,1.0092189735851347,0.24404223299425792,0.9835439089428002
C,LLY,4191610.999352228,1.173657334546538,0.34474992381188696,0.9718814357705312
C,MA,1580839.5954993719,0.5698962529670011,0.22917377396689426,0.9661127907376454
C,MCD,1171295.6816149352,0.3360010639970557,0.12302196935186632,0.9743738967698691
C,META,2404775.918936048,0.6002935297729483,0.5240993813058077,0.8439719836252679
C,MSFT,1623852.317429204,0.5384343514185612,0.22462371933544795,0.910474447995188
C,NFLX,2410980.7423519613,0.6546371109899027,0.40843272102569245,0.7308863466159303
C,NVDA,8394660.957026303,1.112443175752771,0.4940034698732534,0.9091557171368299
C,ORCL,2472357.221499471,0.6352039793587188,0.4318774708253125,0.6171765044524459
C,PGR,2026710.8366587046,0.7775067319216034,0.2949893548002269,0.7880283674799916
C,PLTR,15136409.216736741,1.1482788133423338,0.4593581478223843,0.8890553322160797
C,PPLT,2055910.2085459179,0.6731353771545795,0.2482967955001344,0.8757160601786262
C,QCOM,1161338.6559837852,0.11090581636320931,0.42238400030336815,0.7958878826826052
C,QQQ,1751984.9219799084,0.7423336335609814,0.22201197034812264,0.9784377226640184
C,REGN,1225139.7243985697,0.18709712194077158,0.5746769651886501,0.6735491592799087
C,RY,1778956.781234303,0.8295360920047681,0.23158644914004956,1.0
C,RYTM,9086433.580784017,0.916479317578844,0.49502800459722063,0.956902623355196
C,SAP,2202996.50206893,0.8141438883408084,0.24912197407849446,0.7895240049989081
C,SCHB,1540175.366312174,0.721682896918898,0.18717118537676558,0.9968186866152459
C,SCHD,1188367.9921095062,0.35188973050665195,0.14694627987496484,0.9812889375010214
C,SCHF,1490020.1738677365,0.6589561391953136,0.2225752554352834,0.9983478315621376
C,SCHG,1889055.2027787606,0.7585040323089358,0.2331062599345184,0.9784405010666222
C,SCHK,1606078.1720169075,0.7638684670753717,0.18864331459755762,0.996761499420896
C,SCHV,1388939.322771031,0.5933805243138097,0.15296518047693813,0.9976634593597227
C,SCHW,1266744.8552554566,0.22371583379117968,0.43193784990468226,0.9943076849280215
C,SLV,3124215.1809016503,1.0456828545266168,0.26607169315200074,0.9281865500160121
C,SNY,1091307.2870371449,0.09081406921894489,0.25507763947865614,0.8665163696888754
C,SPOT,3454899.920874656,0.7959552272826922,0.4578233014588948,0.7621986808672232
C,SPY,1625438.191243289,0.7656929102008034,0.18596183208465705,0.996345715364686
C,SPYG,1686194.059136349,0.7160972439407045,0.21900505327258624,0.9861837618666613
C,SPYV,1480802.4710698118,0.7643760857796442,0.1715813308024275,0.9980986867911399
C,SPYX,1617139.7702588276,0.8180413365076945,0.18617339750178075,0.996071206766686
C,TAN,991078.7998242187,-0.1360575777438576,0.026316289822398198,0.9874901750367893
C,TMUS,1772379.6830408645,0.6622726185109093,0.2759425470496245,0.7537008868022574
C,TSLA,993255.3070535108,-0.056569960193024,0.07935643352835475,0.979014105815452
C,TSM,2736131.0206663543,0.7782582307376325,0.37133753905099265,0.9734314114009165
C,V,1630682.183844341,0.6069658763930187,0.1926830691358452,0.9534639267194581
C,VOO,1616603.7183911563,0.8003467876324921,0.18474958322479096,0.9965459093542026
C,VTI,1563540.224050682,0.6996202503317086,0.19208360273423364,0.9957525984298904
C,VYM,1458062.0040492774,0.6973279469683114,0.14455280176710433,0.9855821287142701
C,VYMI,1590107.986214446,0.8234628838038197,0.2000910491091718,0.9981288625788123
C,XLF,1514297.607921963,0.6225389342161689,0.186173022772619,0.992929082735724
C,XLI,1664494.7409539241,0.7925491865266785,0.18453886239389306,0.9960008439229304
C,XLK,1908756.4688494494,0.7280891409141905,0.25489221521142175,0.9607889458757495
C,XLU,1380066.4146619868,0.49057373292652007,0.2251794770535086,0.9318403586108954
