date,portfolio_value,agent,ticker,fold_id,seed
2020-01-02,1000000.0,ppo_with_uncertainty_guard,XLU,wf_2020_2021,19
2020-01-03,1001680.1060615738,ppo_with_uncertainty_guard,XLU,wf_2020_2021,19
2020-01-06,996368.1405398455,ppo_with_uncertainty_guard,XLU,wf_2020_2021,19
2020-01-07,998632.0994224225,ppo_with_uncertainty_guard,XLU,wf_2020_2021,19
2020-01-08,998776.6699232315,ppo_with_uncertainty_guard,XLU,wf_2020_2021,19
2020-01-09,996974.5471784372,ppo_with_uncertainty_guard,XLU,wf_2020_2021,19
2020-01-10,999058.6864339868,ppo_with_uncertainty_guard,XLU,wf_2020_2021,19
2020-01-13,1000981.9777014803,ppo_with_uncertainty_guard,XLU,wf_2020_2021,19
2020-01-14,1001361.390006063,ppo_with_uncertainty_guard,XLU,wf_2020_2021,19
2020-01-15,1007621.8384972983,ppo_with_uncertainty_guard,XLU,wf_2020_2021,19
2020-01-16,1011604.1559016549,ppo_with_uncertainty_guard,XLU,wf_2020_2021,19
2020-01-17,1016861.5582922793,ppo_with_uncertainty_guard,XLU,wf_2020_2021,19
2020-01-21,1009982.6802908224,ppo_with_uncertainty_guard,XLU,wf_2020_2021,19
2020-01-22,1012291.3821923884,ppo_with_uncertainty_guard,XLU,wf_2020_2021,19
2020-01-23,1010998.8635841124,ppo_with_uncertainty_guard,XLU,wf_2020_2021,19
2020-01-24,1002704.823171509,ppo_with_uncertainty_guard,XLU,wf_2020_2021,19
2020-01-27,987931.580597415,ppo_with_uncertainty_guard,XLU,wf_2020_2021,19
2020-01-28,980858.3460612567,ppo_with_uncertainty_guard,XLU,wf_2020_2021,19
2020-01-29,949210.0954411419,ppo_with_uncertainty_guard,XLU,wf_2020_2021,19
2020-01-30,926799.1356257577,ppo_with_uncertainty_guard,XLU,wf_2020_2021,19
2020-01-31,964947.8970145674,ppo_with_uncertainty_guard,XLU,wf_2020_2021,19
2020-02-03,956579.0094371077,ppo_with_uncertainty_guard,XLU,wf_2020_2021,19
2020-02-04,994674.4514174192,ppo_with_uncertainty_guard,XLU,wf_2020_2021,19
2020-02-05,983842.8842900859,ppo_with_uncertainty_guard,XLU,wf_2020_2021,19
2020-02-06,978051.1891847238,ppo_with_uncertainty_guard,XLU,wf_2020_2021,19
2020-02-07,938868.5496023633,ppo_with_uncertainty_guard,XLU,wf_2020_2021,19
2020-02-10,945352.7741834088,ppo_with_uncertainty_guard,XLU,wf_2020_2021,19
2020-02-11,910591.4432597418,ppo_with_uncertainty_guard,XLU,wf_2020_2021,19
2020-02-12,844335.8202471138,ppo_with_uncertainty_guard,XLU,wf_2020_2021,19
2020-02-13,875815.0152469627,ppo_with_uncertainty_guard,XLU,wf_2020_2021,19
2020-02-14,806821.812660288,ppo_with_uncertainty_guard,XLU,wf_2020_2021,19
2020-02-18,875707.642917753,ppo_with_uncertainty_guard,XLU,wf_2020_2021,19
2020-02-19,849269.8646555885,ppo_with_uncertainty_guard,XLU,wf_2020_2021,19
2020-02-20,815458.7760307961,ppo_with_uncertainty_guard,XLU,wf_2020_2021,19
2020-02-21,772062.7158326351,ppo_with_uncertainty_guard,XLU,wf_2020_2021,19
2020-02-24,746360.2869801549,ppo_with_uncertainty_guard,XLU,wf_2020_2021,19
2020-02-25,797744.010588846,ppo_with_uncertainty_guard,XLU,wf_2020_2021,19
2020-02-26,811254.7991719804,ppo_with_uncertainty_guard,XLU,wf_2020_2021,19
2020-02-27,857431.2975251495,ppo_with_uncertainty_guard,XLU,wf_2020_2021,19
2020-02-28,860615.9559654512,ppo_with_uncertainty_guard,XLU,wf_2020_2021,19
2020-03-02,882400.1259560472,ppo_with_uncertainty_guard,XLU,wf_2020_2021,19
2020-03-03,856932.8425150497,ppo_with_uncertainty_guard,XLU,wf_2020_2021,19
2020-03-04,819141.66862564,ppo_with_uncertainty_guard,XLU,wf_2020_2021,19
2020-03-05,838254.0683048931,ppo_with_uncertainty_guard,XLU,wf_2020_2021,19
2020-03-06,815637.687886449,ppo_with_uncertainty_guard,XLU,wf_2020_2021,19
2020-03-09,863804.1325779511,ppo_with_uncertainty_guard,XLU,wf_2020_2021,19
2020-03-10,855372.6477374509,ppo_with_uncertainty_guard,XLU,wf_2020_2021,19
2020-03-11,892252.175293755,ppo_with_uncertainty_guard,XLU,wf_2020_2021,19
2020-03-12,925295.324646054,ppo_with_uncertainty_guard,XLU,wf_2020_2021,19
2020-03-13,901467.9046871825,ppo_with_uncertainty_guard,XLU,wf_2020_2021,19
2020-03-16,923305.8815226594,ppo_with_uncertainty_guard,XLU,wf_2020_2021,19
2020-03-17,897539.944243343,ppo_with_uncertainty_guard,XLU,wf_2020_2021,19
2020-03-18,897656.5312582427,ppo_with_uncertainty_guard,XLU,wf_2020_2021,19
2020-03-19,922819.2049752175,ppo_with_uncertainty_guard,XLU,wf_2020_2021,19
2020-03-20,891929.311926819,ppo_with_uncertainty_guard,XLU,wf_2020_2021,19
2020-03-23,878822.0848692888,ppo_with_uncertainty_guard,XLU,wf_2020_2021,19
2020-03-24,901749.7311638945,ppo_with_uncertainty_guard,XLU,wf_2020_2021,19
2020-03-25,888035.5720280082,ppo_with_uncertainty_guard,XLU,wf_2020_2021,19
2020-03-26,893052.388442564,ppo_with_uncertainty_guard,XLU,wf_2020_2021,19
2020-03-27,901616.1929216379,ppo_with_uncertainty_guard,XLU,wf_2020_2021,19
2020-03-30,904682.6284818439,ppo_with_uncertainty_guard,XLU,wf_2020_2021,19
2020-03-31,897125.6225697881,ppo_with_uncertainty_guard,XLU,wf_2020_2021,19
2020-04-01,878103.3411524311,ppo_with_uncertainty_guard,XLU,wf_2020_2021,19
2020-04-02,858733.0042339005,ppo_with_uncertainty_guard,XLU,wf_2020_2021,19
2020-04-03,864645.6702807739,ppo_with_uncertainty_guard,XLU,wf_2020_2021,19
2020-04-06,871124.9256647591,ppo_with_uncertainty_guard,XLU,wf_2020_2021,19
2020-04-07,843974.6861198776,ppo_with_uncertainty_guard,XLU,wf_2020_2021,19
2020-04-08,847069.3487489852,ppo_with_uncertainty_guard,XLU,wf_2020_2021,19
2020-04-09,862683.7420077057,ppo_with_uncertainty_guard,XLU,wf_2020_2021,19
2020-04-13,859307.6290704599,ppo_with_uncertainty_guard,XLU,wf_2020_2021,19
2020-04-14,852441.1304654544,ppo_with_uncertainty_guard,XLU,wf_2020_2021,19
2020-04-15,845857.9949082214,ppo_with_uncertainty_guard,XLU,wf_2020_2021,19
2020-04-16,854121.9365022647,ppo_with_uncertainty_guard,XLU,wf_2020_2021,19
2020-04-17,843756.9873622087,ppo_with_uncertainty_guard,XLU,wf_2020_2021,19
2020-04-20,875271.5864658315,ppo_with_uncertainty_guard,XLU,wf_2020_2021,19
2020-04-21,862105.57239465,ppo_with_uncertainty_guard,XLU,wf_2020_2021,19
2020-04-22,866441.9307758465,ppo_with_uncertainty_guard,XLU,wf_2020_2021,19
2020-04-23,858406.1090240456,ppo_with_uncertainty_guard,XLU,wf_2020_2021,19
2020-04-24,867193.0683723622,ppo_with_uncertainty_guard,XLU,wf_2020_2021,19
2020-04-27,872466.0139500996,ppo_with_uncertainty_guard,XLU,wf_2020_2021,19
2020-04-28,882214.0772647779,ppo_with_uncertainty_guard,XLU,wf_2020_2021,19
2020-04-29,906714.9497717946,ppo_with_uncertainty_guard,XLU,wf_2020_2021,19
2020-04-30,913372.8667275027,ppo_with_uncertainty_guard,XLU,wf_2020_2021,19
2020-05-01,923688.2316588232,ppo_with_uncertainty_guard,XLU,wf_2020_2021,19
2020-05-04,929377.5401130508,ppo_with_uncertainty_guard,XLU,wf_2020_2021,19
2020-05-05,940071.0891874442,ppo_with_uncertainty_guard,XLU,wf_2020_2021,19
2020-05-06,923933.1803736007,ppo_with_uncertainty_guard,XLU,wf_2020_2021,19
2020-05-07,935262.2873759788,ppo_with_uncertainty_guard,XLU,wf_2020_2021,19
2020-05-08,959410.1287882996,ppo_with_uncertainty_guard,XLU,wf_2020_2021,19
2020-05-11,940806.7423593259,ppo_with_uncertainty_guard,XLU,wf_2020_2021,19
2020-05-12,935473.1118880187,ppo_with_uncertainty_guard,XLU,wf_2020_2021,19
2020-05-13,900028.1365762101,ppo_with_uncertainty_guard,XLU,wf_2020_2021,19
2020-05-14,897806.1876575551,ppo_with_uncertainty_guard,XLU,wf_2020_2021,19
2020-05-15,903738.6971086874,ppo_with_uncertainty_guard,XLU,wf_2020_2021,19
2020-05-18,907744.7162036088,ppo_with_uncertainty_guard,XLU,wf_2020_2021,19
2020-05-19,905074.1502559597,ppo_with_uncertainty_guard,XLU,wf_2020_2021,19
2020-05-20,904925.7590096651,ppo_with_uncertainty_guard,XLU,wf_2020_2021,19
2020-05-21,880296.8282181278,ppo_with_uncertainty_guard,XLU,wf_2020_2021,19
2020-05-22,888614.8382667294,ppo_with_uncertainty_guard,XLU,wf_2020_2021,19
2020-05-26,879942.9383489266,ppo_with_uncertainty_guard,XLU,wf_2020_2021,19
2020-05-27,872168.577547467,ppo_with_uncertainty_guard,XLU,wf_2020_2021,19
2020-05-28,861703.0840041682,ppo_with_uncertainty_guard,XLU,wf_2020_2021,19
2020-05-29,852882.2962931837,ppo_with_uncertainty_guard,XLU,wf_2020_2021,19
2020-06-01,868430.8818463198,ppo_with_uncertainty_guard,XLU,wf_2020_2021,19
2020-06-02,871570.3666495692,ppo_with_uncertainty_guard,XLU,wf_2020_2021,19
2020-06-03,891305.6121892885,ppo_with_uncertainty_guard,XLU,wf_2020_2021,19
2020-06-04,893548.1887950418,ppo_with_uncertainty_guard,XLU,wf_2020_2021,19
2020-06-05,882907.9404372857,ppo_with_uncertainty_guard,XLU,wf_2020_2021,19
2020-06-08,879452.2123930859,ppo_with_uncertainty_guard,XLU,wf_2020_2021,19
2020-06-09,887123.6428407076,ppo_with_uncertainty_guard,XLU,wf_2020_2021,19
2020-06-10,875525.7823695554,ppo_with_uncertainty_guard,XLU,wf_2020_2021,19
2020-06-11,891649.1554200154,ppo_with_uncertainty_guard,XLU,wf_2020_2021,19
2020-06-12,892552.1607683903,ppo_with_uncertainty_guard,XLU,wf_2020_2021,19
2020-06-15,900696.7981501012,ppo_with_uncertainty_guard,XLU,wf_2020_2021,19
2020-06-16,897219.7118407846,ppo_with_uncertainty_guard,XLU,wf_2020_2021,19
2020-06-17,908418.3648335169,ppo_with_uncertainty_guard,XLU,wf_2020_2021,19
2020-06-18,928573.1676334986,ppo_with_uncertainty_guard,XLU,wf_2020_2021,19
2020-06-19,916583.3637368893,ppo_with_uncertainty_guard,XLU,wf_2020_2021,19
2020-06-22,920684.6663751353,ppo_with_uncertainty_guard,XLU,wf_2020_2021,19
2020-06-23,934679.9108572986,ppo_with_uncertainty_guard,XLU,wf_2020_2021,19
2020-06-24,935745.0644569536,ppo_with_uncertainty_guard,XLU,wf_2020_2021,19
2020-06-25,929646.0961090798,ppo_with_uncertainty_guard,XLU,wf_2020_2021,19
2020-06-26,918510.5100592423,ppo_with_uncertainty_guard,XLU,wf_2020_2021,19
2020-06-29,932241.4530532305,ppo_with_uncertainty_guard,XLU,wf_2020_2021,19
2020-06-30,936515.8425887849,ppo_with_uncertainty_guard,XLU,wf_2020_2021,19
2020-07-01,936515.1508338458,ppo_with_uncertainty_guard,XLU,wf_2020_2021,19
2020-07-02,938043.5079274024,ppo_with_uncertainty_guard,XLU,wf_2020_2021,19
2020-07-06,927952.1062158517,ppo_with_uncertainty_guard,XLU,wf_2020_2021,19
2020-07-07,938045.50968712,ppo_with_uncertainty_guard,XLU,wf_2020_2021,19
2020-07-08,926108.7576598547,ppo_with_uncertainty_guard,XLU,wf_2020_2021,19
2020-07-09,931467.2953906292,ppo_with_uncertainty_guard,XLU,wf_2020_2021,19
2020-07-10,948151.912839587,ppo_with_uncertainty_guard,XLU,wf_2020_2021,19
2020-07-13,947845.1715328824,ppo_with_uncertainty_guard,XLU,wf_2020_2021,19
2020-07-14,927467.0406195535,ppo_with_uncertainty_guard,XLU,wf_2020_2021,19
2020-07-15,940794.291000503,ppo_with_uncertainty_guard,XLU,wf_2020_2021,19
2020-07-16,939261.3249110675,ppo_with_uncertainty_guard,XLU,wf_2020_2021,19
2020-07-17,931134.7612347754,ppo_with_uncertainty_guard,XLU,wf_2020_2021,19
2020-07-20,929906.8039056014,ppo_with_uncertainty_guard,XLU,wf_2020_2021,19
2020-07-21,925765.9291566062,ppo_with_uncertainty_guard,XLU,wf_2020_2021,19
2020-07-22,923003.7735763423,ppo_with_uncertainty_guard,XLU,wf_2020_2021,19
2020-07-23,914870.1441606852,ppo_with_uncertainty_guard,XLU,wf_2020_2021,19
2020-07-24,916404.9429467933,ppo_with_uncertainty_guard,XLU,wf_2020_2021,19
2020-07-27,924386.6094593045,ppo_with_uncertainty_guard,XLU,wf_2020_2021,19
2020-07-28,915637.477699029,ppo_with_uncertainty_guard,XLU,wf_2020_2021,19
2020-07-29,905509.5360713303,ppo_with_uncertainty_guard,XLU,wf_2020_2021,19
2020-07-30,908425.4776821663,ppo_with_uncertainty_guard,XLU,wf_2020_2021,19
2020-07-31,911034.7689016324,ppo_with_uncertainty_guard,XLU,wf_2020_2021,19
2020-08-03,913796.6991013591,ppo_with_uncertainty_guard,XLU,wf_2020_2021,19
2020-08-04,903361.9817780535,ppo_with_uncertainty_guard,XLU,wf_2020_2021,19
2020-08-05,931294.927073677,ppo_with_uncertainty_guard,XLU,wf_2020_2021,19
2020-08-06,920854.8511223573,ppo_with_uncertainty_guard,XLU,wf_2020_2021,19
2020-08-07,915633.0740053544,ppo_with_uncertainty_guard,XLU,wf_2020_2021,19
2020-08-10,910564.957773177,ppo_with_uncertainty_guard,XLU,wf_2020_2021,19
2020-08-11,922541.869216818,ppo_with_uncertainty_guard,XLU,wf_2020_2021,19
2020-08-12,906723.3037289392,ppo_with_uncertainty_guard,XLU,wf_2020_2021,19
2020-08-13,908873.6618945396,ppo_with_uncertainty_guard,XLU,wf_2020_2021,19
2020-08-14,921320.3152476319,ppo_with_uncertainty_guard,XLU,wf_2020_2021,19
2020-08-17,927468.1983575991,ppo_with_uncertainty_guard,XLU,wf_2020_2021,19
2020-08-18,926238.393371841,ppo_with_uncertainty_guard,XLU,wf_2020_2021,19
2020-08-19,918704.1522368703,ppo_with_uncertainty_guard,XLU,wf_2020_2021,19
2020-08-20,902556.4190965331,ppo_with_uncertainty_guard,XLU,wf_2020_2021,19
2020-08-21,896957.2693391733,ppo_with_uncertainty_guard,XLU,wf_2020_2021,19
2020-08-24,902541.2951327708,ppo_with_uncertainty_guard,XLU,wf_2020_2021,19
2020-08-25,888736.2386976465,ppo_with_uncertainty_guard,XLU,wf_2020_2021,19
2020-08-26,898663.4184007779,ppo_with_uncertainty_guard,XLU,wf_2020_2021,19
2020-08-27,913399.266013819,ppo_with_uncertainty_guard,XLU,wf_2020_2021,19
2020-08-28,915725.8241159506,ppo_with_uncertainty_guard,XLU,wf_2020_2021,19
2020-08-31,915415.3522280573,ppo_with_uncertainty_guard,XLU,wf_2020_2021,19
2020-09-01,923638.8979682844,ppo_with_uncertainty_guard,XLU,wf_2020_2021,19
2020-09-02,932949.7231420663,ppo_with_uncertainty_guard,XLU,wf_2020_2021,19
2020-09-03,943969.5238728274,ppo_with_uncertainty_guard,XLU,wf_2020_2021,19
2020-09-04,955767.1445594081,ppo_with_uncertainty_guard,XLU,wf_2020_2021,19
2020-09-08,963840.1856465199,ppo_with_uncertainty_guard,XLU,wf_2020_2021,19
2020-09-09,969739.6757934141,ppo_with_uncertainty_guard,XLU,wf_2020_2021,19
2020-09-10,987439.1457120748,ppo_with_uncertainty_guard,XLU,wf_2020_2021,19
2020-09-11,987283.7008895191,ppo_with_uncertainty_guard,XLU,wf_2020_2021,19
2020-09-14,993495.6161196511,ppo_with_uncertainty_guard,XLU,wf_2020_2021,19
2020-09-15,986661.2372468908,ppo_with_uncertainty_guard,XLU,wf_2020_2021,19
2020-09-16,985418.8178977469,ppo_with_uncertainty_guard,XLU,wf_2020_2021,19
2020-09-17,984797.3870053983,ppo_with_uncertainty_guard,XLU,wf_2020_2021,19
2020-09-18,995358.6974418155,ppo_with_uncertainty_guard,XLU,wf_2020_2021,19
2020-09-21,986970.9904603699,ppo_with_uncertainty_guard,XLU,wf_2020_2021,19
2020-09-22,992873.4511611001,ppo_with_uncertainty_guard,XLU,wf_2020_2021,19
2020-09-23,990232.5159997346,ppo_with_uncertainty_guard,XLU,wf_2020_2021,19
2020-09-24,1004212.1378087216,ppo_with_uncertainty_guard,XLU,wf_2020_2021,19
2020-09-25,1007008.170854509,ppo_with_uncertainty_guard,XLU,wf_2020_2021,19
2020-09-28,1006697.4009420638,ppo_with_uncertainty_guard,XLU,wf_2020_2021,19
2020-09-29,1005920.7225751193,ppo_with_uncertainty_guard,XLU,wf_2020_2021,19
2020-09-30,976716.0933564978,ppo_with_uncertainty_guard,XLU,wf_2020_2021,19
2020-10-01,979357.1805048314,ppo_with_uncertainty_guard,XLU,wf_2020_2021,19
2020-10-02,970190.1550967939,ppo_with_uncertainty_guard,XLU,wf_2020_2021,19
2020-10-05,991477.1790684727,ppo_with_uncertainty_guard,XLU,wf_2020_2021,19
2020-10-06,1005771.9844642215,ppo_with_uncertainty_guard,XLU,wf_2020_2021,19
2020-10-07,990699.3402645866,ppo_with_uncertainty_guard,XLU,wf_2020_2021,19
2020-10-08,999556.9313399976,ppo_with_uncertainty_guard,XLU,wf_2020_2021,19
2020-10-09,997381.1202747601,ppo_with_uncertainty_guard,XLU,wf_2020_2021,19
2020-10-12,1015875.3196513947,ppo_with_uncertainty_guard,XLU,wf_2020_2021,19
2020-10-13,1030484.7409743919,ppo_with_uncertainty_guard,XLU,wf_2020_2021,19
2020-10-14,1034370.3246468764,ppo_with_uncertainty_guard,XLU,wf_2020_2021,19
2020-10-15,1017739.3990011225,ppo_with_uncertainty_guard,XLU,wf_2020_2021,19
2020-10-16,1027842.7386113234,ppo_with_uncertainty_guard,XLU,wf_2020_2021,19
2020-10-19,1038256.9841907069,ppo_with_uncertainty_guard,XLU,wf_2020_2021,19
2020-10-20,1017894.1267059345,ppo_with_uncertainty_guard,XLU,wf_2020_2021,19
2020-10-21,997996.8145424889,ppo_with_uncertainty_guard,XLU,wf_2020_2021,19
2020-10-22,988048.3290003521,ppo_with_uncertainty_guard,XLU,wf_2020_2021,19
2020-10-23,988203.5543803476,ppo_with_uncertainty_guard,XLU,wf_2020_2021,19
2020-10-26,988359.1647050282,ppo_with_uncertainty_guard,XLU,wf_2020_2021,19
2020-10-27,998929.7972022718,ppo_with_uncertainty_guard,XLU,wf_2020_2021,19
2020-10-28,1001572.5079213296,ppo_with_uncertainty_guard,XLU,wf_2020_2021,19
2020-10-29,991623.685585845,ppo_with_uncertainty_guard,XLU,wf_2020_2021,19
2020-10-30,977321.8740957713,ppo_with_uncertainty_guard,XLU,wf_2020_2021,19
2020-11-02,984161.9651457316,ppo_with_uncertainty_guard,XLU,wf_2020_2021,19
2020-11-03,990691.2699814573,ppo_with_uncertainty_guard,XLU,wf_2020_2021,19
2020-11-04,980430.7773827114,ppo_with_uncertainty_guard,XLU,wf_2020_2021,19
2020-11-05,970636.9145169425,ppo_with_uncertainty_guard,XLU,wf_2020_2021,19
2020-11-06,976078.0278139753,ppo_with_uncertainty_guard,XLU,wf_2020_2021,19
2020-11-09,973124.2775333221,ppo_with_uncertainty_guard,XLU,wf_2020_2021,19
2020-11-10,971414.0380968949,ppo_with_uncertainty_guard,XLU,wf_2020_2021,19
2020-11-11,966439.1582726191,ppo_with_uncertainty_guard,XLU,wf_2020_2021,19
2020-11-12,967993.9559242002,ppo_with_uncertainty_guard,XLU,wf_2020_2021,19
2020-11-13,963019.234615454,ppo_with_uncertainty_guard,XLU,wf_2020_2021,19
2020-11-16,981985.4516515948,ppo_with_uncertainty_guard,XLU,wf_2020_2021,19
2020-11-17,970636.9015397837,ppo_with_uncertainty_guard,XLU,wf_2020_2021,19
2020-11-18,977166.2973653852,ppo_with_uncertainty_guard,XLU,wf_2020_2021,19
2020-11-19,968771.0504598703,ppo_with_uncertainty_guard,XLU,wf_2020_2021,19
2020-11-20,957043.4312368113,ppo_with_uncertainty_guard,XLU,wf_2020_2021,19
2020-11-23,955161.9034022432,ppo_with_uncertainty_guard,XLU,wf_2020_2021,19
2020-11-24,953280.6218372445,ppo_with_uncertainty_guard,XLU,wf_2020_2021,19
2020-11-25,960022.342272776,ppo_with_uncertainty_guard,XLU,wf_2020_2021,19
2020-11-27,964255.634638264,ppo_with_uncertainty_guard,XLU,wf_2020_2021,19
2020-11-30,964098.8551348194,ppo_with_uncertainty_guard,XLU,wf_2020_2021,19
2020-12-01,968959.2162670424,ppo_with_uncertainty_guard,XLU,wf_2020_2021,19
2020-12-02,983384.3551781547,ppo_with_uncertainty_guard,XLU,wf_2020_2021,19
2020-12-03,958610.3665086696,ppo_with_uncertainty_guard,XLU,wf_2020_2021,19
2020-12-04,958453.579561157,ppo_with_uncertainty_guard,XLU,wf_2020_2021,19
2020-12-07,982287.5951142653,ppo_with_uncertainty_guard,XLU,wf_2020_2021,19
2020-12-08,969429.8153090922,ppo_with_uncertainty_guard,XLU,wf_2020_2021,19
2020-12-09,977583.73842492,ppo_with_uncertainty_guard,XLU,wf_2020_2021,19
2020-12-10,968488.9140817773,ppo_with_uncertainty_guard,XLU,wf_2020_2021,19
2020-12-11,963314.4022649515,ppo_with_uncertainty_guard,XLU,wf_2020_2021,19
2020-12-14,982131.0554214768,ppo_with_uncertainty_guard,XLU,wf_2020_2021,19
2020-12-15,978367.678606033,ppo_with_uncertainty_guard,XLU,wf_2020_2021,19
2020-12-16,987933.018564519,ppo_with_uncertainty_guard,XLU,wf_2020_2021,19
2020-12-17,984169.6801466596,ppo_with_uncertainty_guard,XLU,wf_2020_2021,19
2020-12-18,989971.5074523832,ppo_with_uncertainty_guard,XLU,wf_2020_2021,19
2020-12-21,984169.5777593749,ppo_with_uncertainty_guard,XLU,wf_2020_2021,19
2020-12-22,985580.9549372124,ppo_with_uncertainty_guard,XLU,wf_2020_2021,19
2020-12-23,1005339.7189595136,ppo_with_uncertainty_guard,XLU,wf_2020_2021,19
2020-12-24,995303.4577857729,ppo_with_uncertainty_guard,XLU,wf_2020_2021,19
2020-12-28,968487.6476813775,ppo_with_uncertainty_guard,XLU,wf_2020_2021,19
2020-12-29,980092.2059230391,ppo_with_uncertainty_guard,XLU,wf_2020_2021,19
2020-12-30,974760.3571356098,ppo_with_uncertainty_guard,XLU,wf_2020_2021,19
2020-12-31,979465.0358241283,ppo_with_uncertainty_guard,XLU,wf_2020_2021,19
2021-01-04,987462.7577372049,ppo_with_uncertainty_guard,XLU,wf_2020_2021,19
2021-01-05,984326.4009249886,ppo_with_uncertainty_guard,XLU,wf_2020_2021,19
2021-01-06,992010.3275333439,ppo_with_uncertainty_guard,XLU,wf_2020_2021,19
2021-01-07,997342.3200288281,ppo_with_uncertainty_guard,XLU,wf_2020_2021,19
2021-01-08,989658.2303285935,ppo_with_uncertainty_guard,XLU,wf_2020_2021,19
2021-01-11,991069.4642127651,ppo_with_uncertainty_guard,XLU,wf_2020_2021,19
2021-01-12,994989.8662668306,ppo_with_uncertainty_guard,XLU,wf_2020_2021,19
2021-01-13,989344.294469986,ppo_with_uncertainty_guard,XLU,wf_2020_2021,19
2021-01-14,982130.5598175344,ppo_with_uncertainty_guard,XLU,wf_2020_2021,19
2021-01-15,971153.016613516,ppo_with_uncertainty_guard,XLU,wf_2020_2021,19
2021-01-19,971937.1099131315,ppo_with_uncertainty_guard,XLU,wf_2020_2021,19
2021-01-20,977739.5670599128,ppo_with_uncertainty_guard,XLU,wf_2020_2021,19
2021-01-21,963154.6613995399,ppo_with_uncertainty_guard,XLU,wf_2020_2021,19
2021-01-22,944335.5248449548,ppo_with_uncertainty_guard,XLU,wf_2020_2021,19
2021-01-25,952176.9053403828,ppo_with_uncertainty_guard,XLU,wf_2020_2021,19
2021-01-26,941042.2208030723,ppo_with_uncertainty_guard,XLU,wf_2020_2021,19
2021-01-27,932573.5242556992,ppo_with_uncertainty_guard,XLU,wf_2020_2021,19
2021-01-28,915322.7537505258,ppo_with_uncertainty_guard,XLU,wf_2020_2021,19
2021-01-29,935553.2420589611,ppo_with_uncertainty_guard,XLU,wf_2020_2021,19
2021-02-01,932730.4736018213,ppo_with_uncertainty_guard,XLU,wf_2020_2021,19
2021-02-02,921752.5735590379,ppo_with_uncertainty_guard,XLU,wf_2020_2021,19
2021-02-03,920968.5380609797,ppo_with_uncertainty_guard,XLU,wf_2020_2021,19
2021-02-04,936023.6191234614,ppo_with_uncertainty_guard,XLU,wf_2020_2021,19
2021-02-05,949197.0430520028,ppo_with_uncertainty_guard,XLU,wf_2020_2021,19
2021-02-08,961743.0140909028,ppo_with_uncertainty_guard,XLU,wf_2020_2021,19
2021-02-09,968329.7724922453,ppo_with_uncertainty_guard,XLU,wf_2020_2021,19
2021-02-10,965820.5917805912,ppo_with_uncertainty_guard,XLU,wf_2020_2021,19
2021-02-11,978837.2173563438,ppo_with_uncertainty_guard,XLU,wf_2020_2021,19
2021-02-12,991383.0864335863,ppo_with_uncertainty_guard,XLU,wf_2020_2021,19
2021-02-16,992637.7105209976,ppo_with_uncertainty_guard,XLU,wf_2020_2021,19
2021-02-17,976484.5312489484,ppo_with_uncertainty_guard,XLU,wf_2020_2021,19
2021-02-18,972877.3076669011,ppo_with_uncertainty_guard,XLU,wf_2020_2021,19
2021-02-19,975543.338440724,ppo_with_uncertainty_guard,XLU,wf_2020_2021,19
2021-02-22,974137.4250177481,ppo_with_uncertainty_guard,XLU,wf_2020_2021,19
2021-02-23,988673.4517778085,ppo_with_uncertainty_guard,XLU,wf_2020_2021,19
2021-02-24,988989.4297977498,ppo_with_uncertainty_guard,XLU,wf_2020_2021,19
2021-02-25,999575.6357028169,ppo_with_uncertainty_guard,XLU,wf_2020_2021,19
2021-02-26,1002893.8188573767,ppo_with_uncertainty_guard,XLU,wf_2020_2021,19
2021-03-01,1013637.8139529186,ppo_with_uncertainty_guard,XLU,wf_2020_2021,19
2021-03-02,1004473.7902974791,ppo_with_uncertainty_guard,XLU,wf_2020_2021,19
2021-03-03,1011899.9715100126,ppo_with_uncertainty_guard,XLU,wf_2020_2021,19
2021-03-04,1010952.0069304869,ppo_with_uncertainty_guard,XLU,wf_2020_2021,19
2021-03-05,1022012.3703470263,ppo_with_uncertainty_guard,XLU,wf_2020_2021,19
2021-03-08,1027384.4650282798,ppo_with_uncertainty_guard,XLU,wf_2020_2021,19
2021-03-09,1026120.5028062859,ppo_with_uncertainty_guard,XLU,wf_2020_2021,19
2021-03-10,1025330.3134804801,ppo_with_uncertainty_guard,XLU,wf_2020_2021,19
2021-03-11,1024224.3442349521,ppo_with_uncertainty_guard,XLU,wf_2020_2021,19
2021-03-12,1025172.3170046406,ppo_with_uncertainty_guard,XLU,wf_2020_2021,19
2021-03-15,1037338.9732243156,ppo_with_uncertainty_guard,XLU,wf_2020_2021,19
2021-03-16,1041921.1950773513,ppo_with_uncertainty_guard,XLU,wf_2020_2021,19
2021-03-17,1053455.523723376,ppo_with_uncertainty_guard,XLU,wf_2020_2021,19
2021-03-18,1061988.0063499191,ppo_with_uncertainty_guard,XLU,wf_2020_2021,19
2021-03-19,1056615.782509415,ppo_with_uncertainty_guard,XLU,wf_2020_2021,19
2021-03-22,1070046.4622724957,ppo_with_uncertainty_guard,XLU,wf_2020_2021,19
2021-03-23,1061040.1032604128,ppo_with_uncertainty_guard,XLU,wf_2020_2021,19
2021-03-24,1053455.502749579,ppo_with_uncertainty_guard,XLU,wf_2020_2021,19
2021-03-25,1052033.6733718815,ppo_with_uncertainty_guard,XLU,wf_2020_2021,19
2021-03-26,1046029.1697929037,ppo_with_uncertainty_guard,XLU,wf_2020_2021,19
2021-03-29,1037970.9187061529,ppo_with_uncertainty_guard,XLU,wf_2020_2021,19
2021-03-30,1036548.5970649075,ppo_with_uncertainty_guard,XLU,wf_2020_2021,19
2021-03-31,1046029.1726405664,ppo_with_uncertainty_guard,XLU,wf_2020_2021,19
2021-04-01,1054245.782195728,ppo_with_uncertainty_guard,XLU,wf_2020_2021,19
2021-04-05,1054087.7149473492,ppo_with_uncertainty_guard,XLU,wf_2020_2021,19
2021-04-06,1050137.3026184996,ppo_with_uncertainty_guard,XLU,wf_2020_2021,19
2021-04-07,1032440.685270124,ppo_with_uncertainty_guard,XLU,wf_2020_2021,19
2021-04-08,1040340.9494002848,ppo_with_uncertainty_guard,XLU,wf_2020_2021,19
2021-04-09,1043501.1697022758,ppo_with_uncertainty_guard,XLU,wf_2020_2021,19
2021-04-12,1054087.7443981587,ppo_with_uncertainty_guard,XLU,wf_2020_2021,19
2021-04-13,1041130.7934947186,ppo_with_uncertainty_guard,XLU,wf_2020_2021,19
2021-04-14,1016797.6786452808,ppo_with_uncertainty_guard,XLU,wf_2020_2021,19
2021-04-15,1036390.6833038563,ppo_with_uncertainty_guard,XLU,wf_2020_2021,19
2021-04-16,1041447.2302439008,ppo_with_uncertainty_guard,XLU,wf_2020_2021,19
2021-04-19,1032914.4529639373,ppo_with_uncertainty_guard,XLU,wf_2020_2021,19
2021-04-20,1032756.5948521369,ppo_with_uncertainty_guard,XLU,wf_2020_2021,19
2021-04-21,1031018.4085882978,ppo_with_uncertainty_guard,XLU,wf_2020_2021,19
2021-04-22,1040025.056410611,ppo_with_uncertainty_guard,XLU,wf_2020_2021,19
2021-04-23,1045397.2649782983,ppo_with_uncertainty_guard,XLU,wf_2020_2021,19
2021-04-26,1043501.2202464038,ppo_with_uncertainty_guard,XLU,wf_2020_2021,19
2021-04-27,1030860.3313220538,ppo_with_uncertainty_guard,XLU,wf_2020_2021,19
2021-04-28,1031018.399290524,ppo_with_uncertainty_guard,XLU,wf_2020_2021,19
2021-04-29,1024065.9222904684,ppo_with_uncertainty_guard,XLU,wf_2020_2021,19
2021-04-30,1029596.4181834339,ppo_with_uncertainty_guard,XLU,wf_2020_2021,19
2021-05-03,1023275.9975189544,ppo_with_uncertainty_guard,XLU,wf_2020_2021,19
2021-05-04,1028648.2199008341,ppo_with_uncertainty_guard,XLU,wf_2020_2021,19
2021-05-05,1034810.8525477477,ppo_with_uncertainty_guard,XLU,wf_2020_2021,19
2021-05-06,1033230.5181131033,ppo_with_uncertainty_guard,XLU,wf_2020_2021,19
2021-05-07,1035126.8490831369,ppo_with_uncertainty_guard,XLU,wf_2020_2021,19
2021-05-10,1026277.9554423572,ppo_with_uncertainty_guard,XLU,wf_2020_2021,19
2021-05-11,1035442.6373054759,ppo_with_uncertainty_guard,XLU,wf_2020_2021,19
2021-05-12,1042237.2035585155,ppo_with_uncertainty_guard,XLU,wf_2020_2021,19
2021-05-13,1044607.3916008933,ppo_with_uncertainty_guard,XLU,wf_2020_2021,19
2021-05-14,1046819.4412428885,ppo_with_uncertainty_guard,XLU,wf_2020_2021,19
2021-05-17,1049979.4831820736,ppo_with_uncertainty_guard,XLU,wf_2020_2021,19
2021-05-18,1034178.5668486357,ppo_with_uncertainty_guard,XLU,wf_2020_2021,19
2021-05-19,1039867.0096106528,ppo_with_uncertainty_guard,XLU,wf_2020_2021,19
2021-05-20,1012847.1953872228,ppo_with_uncertainty_guard,XLU,wf_2020_2021,19
2021-05-21,1025968.3178098393,ppo_with_uncertainty_guard,XLU,wf_2020_2021,19
2021-05-24,1019758.3073715447,ppo_with_uncertainty_guard,XLU,wf_2020_2021,19
2021-05-25,1008930.1981961845,ppo_with_uncertainty_guard,XLU,wf_2020_2021,19
2021-05-26,1007974.6282477808,ppo_with_uncertainty_guard,XLU,wf_2020_2021,19
2021-05-27,1018802.8774913002,ppo_with_uncertainty_guard,XLU,wf_2020_2021,19
2021-05-28,1025331.4127636066,ppo_with_uncertainty_guard,XLU,wf_2020_2021,19
2021-06-01,1008770.7260601551,ppo_with_uncertainty_guard,XLU,wf_2020_2021,19
2021-06-02,1006859.9362593705,ppo_with_uncertainty_guard,XLU,wf_2020_2021,19
2021-06-03,1017847.449494807,ppo_with_uncertainty_guard,XLU,wf_2020_2021,19
2021-06-04,1019439.7157212604,ppo_with_uncertainty_guard,XLU,wf_2020_2021,19
2021-06-07,1023739.0092927299,ppo_with_uncertainty_guard,XLU,wf_2020_2021,19
2021-06-08,1030427.2272591933,ppo_with_uncertainty_guard,XLU,wf_2020_2021,19
2021-06-09,1027401.5353049118,ppo_with_uncertainty_guard,XLU,wf_2020_2021,19
2021-06-10,1028675.4185017386,ppo_with_uncertainty_guard,XLU,wf_2020_2021,19
2021-06-11,1032019.3542529598,ppo_with_uncertainty_guard,XLU,wf_2020_2021,19
2021-06-14,1024216.8585975957,ppo_with_uncertainty_guard,XLU,wf_2020_2021,19
2021-06-15,1033134.1180098917,ppo_with_uncertainty_guard,XLU,wf_2020_2021,19
2021-06-16,1044758.3382850466,ppo_with_uncertainty_guard,XLU,wf_2020_2021,19
2021-06-17,1055268.146683454,ppo_with_uncertainty_guard,XLU,wf_2020_2021,19
2021-06-18,1038548.3877865715,ppo_with_uncertainty_guard,XLU,wf_2020_2021,19
2021-06-21,1043006.7377495769,ppo_with_uncertainty_guard,XLU,wf_2020_2021,19
2021-06-22,1031541.7077104616,ppo_with_uncertainty_guard,XLU,wf_2020_2021,19
2021-06-23,1033134.1159575892,ppo_with_uncertainty_guard,XLU,wf_2020_2021,19
2021-06-24,1046350.8199114663,ppo_with_uncertainty_guard,XLU,wf_2020_2021,19
2021-06-25,1046669.3437099113,ppo_with_uncertainty_guard,XLU,wf_2020_2021,19
2021-06-28,1064663.2766090282,ppo_with_uncertainty_guard,XLU,wf_2020_2021,19
2021-06-29,1056542.0406855796,ppo_with_uncertainty_guard,XLU,wf_2020_2021,19
2021-06-30,1059408.4047001232,ppo_with_uncertainty_guard,XLU,wf_2020_2021,19
2021-07-01,1050490.8575303191,ppo_with_uncertainty_guard,XLU,wf_2020_2021,19
2021-07-02,1058612.1654783736,ppo_with_uncertainty_guard,XLU,wf_2020_2021,19
2021-07-06,1064663.2789327058,ppo_with_uncertainty_guard,XLU,wf_2020_2021,19
2021-07-07,1063070.7991210464,ppo_with_uncertainty_guard,XLU,wf_2020_2021,19
2021-07-08,1074695.1723008503,ppo_with_uncertainty_guard,XLU,wf_2020_2021,19
2021-07-09,1074058.053945393,ppo_with_uncertainty_guard,XLU,wf_2020_2021,19
2021-07-12,1073739.8105077706,ppo_with_uncertainty_guard,XLU,wf_2020_2021,19
2021-07-13,1074854.3640879646,ppo_with_uncertainty_guard,XLU,wf_2020_2021,19
2021-07-14,1084886.258451531,ppo_with_uncertainty_guard,XLU,wf_2020_2021,19
2021-07-15,1086000.8120419304,ppo_with_uncertainty_guard,XLU,wf_2020_2021,19
2021-07-16,1093644.3381714958,ppo_with_uncertainty_guard,XLU,wf_2020_2021,19
2021-07-19,1100332.152006135,ppo_with_uncertainty_guard,XLU,wf_2020_2021,19
2021-07-20,1100969.480873455,ppo_with_uncertainty_guard,XLU,wf_2020_2021,19
2021-07-21,1095396.009749796,ppo_with_uncertainty_guard,XLU,wf_2020_2021,19
2021-07-22,1099854.786808492,ppo_with_uncertainty_guard,XLU,wf_2020_2021,19
2021-07-23,1113548.8011250785,ppo_with_uncertainty_guard,XLU,wf_2020_2021,19
2021-07-26,1099217.6674533011,ppo_with_uncertainty_guard,XLU,wf_2020_2021,19
2021-07-27,1092051.925076595,ppo_with_uncertainty_guard,XLU,wf_2020_2021,19
2021-07-28,1094122.0517254167,ppo_with_uncertainty_guard,XLU,wf_2020_2021,19
2021-07-29,1091415.15732988,ppo_with_uncertainty_guard,XLU,wf_2020_2021,19
2021-07-30,1091096.7032318998,ppo_with_uncertainty_guard,XLU,wf_2020_2021,19
2021-08-02,1092689.0436516888,ppo_with_uncertainty_guard,XLU,wf_2020_2021,19
2021-08-03,1091415.1572313393,ppo_with_uncertainty_guard,XLU,wf_2020_2021,19
2021-08-04,1105746.3623448478,ppo_with_uncertainty_guard,XLU,wf_2020_2021,19
2021-08-05,1115778.1922355948,ppo_with_uncertainty_guard,XLU,wf_2020_2021,19
2021-08-06,1106542.6726921818,ppo_with_uncertainty_guard,XLU,wf_2020_2021,19
2021-08-09,1091892.8018347782,ppo_with_uncertainty_guard,XLU,wf_2020_2021,19
2021-08-10,1111479.0273758627,ppo_with_uncertainty_guard,XLU,wf_2020_2021,19
2021-08-11,1105428.1185359526,ppo_with_uncertainty_guard,XLU,wf_2020_2021,19
2021-08-12,1089981.7955645404,ppo_with_uncertainty_guard,XLU,wf_2020_2021,19
2021-08-13,1088071.1410046495,ppo_with_uncertainty_guard,XLU,wf_2020_2021,19
2021-08-16,1084408.392355527,ppo_with_uncertainty_guard,XLU,wf_2020_2021,19
2021-08-17,1082975.5241356462,ppo_with_uncertainty_guard,XLU,wf_2020_2021,19
2021-08-18,1073899.1255173322,ppo_with_uncertainty_guard,XLU,wf_2020_2021,19
2021-08-19,1057338.4586316135,ppo_with_uncertainty_guard,XLU,wf_2020_2021,19
2021-08-20,1055396.7233684235,ppo_with_uncertainty_guard,XLU,wf_2020_2021,19
2021-08-23,1052508.6763105413,ppo_with_uncertainty_guard,XLU,wf_2020_2021,19
2021-08-24,1051867.0673720432,ppo_with_uncertainty_guard,XLU,wf_2020_2021,19
2021-08-25,1046251.568441482,ppo_with_uncertainty_guard,XLU,wf_2020_2021,19
2021-08-26,1045128.4546247688,ppo_with_uncertainty_guard,XLU,wf_2020_2021,19
2021-08-27,1032774.483392687,ppo_with_uncertainty_guard,XLU,wf_2020_2021,19
2021-08-30,1019778.2717943116,ppo_with_uncertainty_guard,XLU,wf_2020_2021,19
2021-08-31,1033095.2527781683,ppo_with_uncertainty_guard,XLU,wf_2020_2021,19
2021-09-01,1024912.4762694059,ppo_with_uncertainty_guard,XLU,wf_2020_2021,19
2021-09-02,1024912.4762694059,ppo_with_uncertainty_guard,XLU,wf_2020_2021,19
2021-09-03,1039031.5911955651,ppo_with_uncertainty_guard,XLU,wf_2020_2021,19
2021-09-07,1036464.3837187183,ppo_with_uncertainty_guard,XLU,wf_2020_2021,19
2021-09-08,1052508.67623403,ppo_with_uncertainty_guard,XLU,wf_2020_2021,19
2021-09-09,1046893.2475059098,ppo_with_uncertainty_guard,XLU,wf_2020_2021,19
2021-09-10,1039191.9756159707,ppo_with_uncertainty_guard,XLU,wf_2020_2021,19
2021-09-13,1025072.9305494826,ppo_with_uncertainty_guard,XLU,wf_2020_2021,19
2021-09-14,1031972.2087957249,ppo_with_uncertainty_guard,XLU,wf_2020_2021,19
2021-09-15,1044005.3411907332,ppo_with_uncertainty_guard,XLU,wf_2020_2021,19
2021-09-16,1056840.7479883716,ppo_with_uncertainty_guard,XLU,wf_2020_2021,19
2021-09-17,1053792.4563234192,ppo_with_uncertainty_guard,XLU,wf_2020_2021,19
2021-09-20,1043684.5011415933,ppo_with_uncertainty_guard,XLU,wf_2020_2021,19
2021-09-21,1056840.7482178323,ppo_with_uncertainty_guard,XLU,wf_2020_2021,19
2021-09-22,1073527.002620156,ppo_with_uncertainty_guard,XLU,wf_2020_2021,19
2021-09-23,1073527.0026040417,ppo_with_uncertainty_guard,XLU,wf_2020_2021,19
2021-09-24,1078981.9771994802,ppo_with_uncertainty_guard,XLU,wf_2020_2021,19
2021-09-27,1074329.136537489,ppo_with_uncertainty_guard,XLU,wf_2020_2021,19
2021-09-28,1080105.0210107367,ppo_with_uncertainty_guard,XLU,wf_2020_2021,19
2021-09-29,1072885.323131448,ppo_with_uncertainty_guard,XLU,wf_2020_2021,19
2021-09-30,1079944.5662075204,ppo_with_uncertainty_guard,XLU,wf_2020_2021,19
2021-10-01,1073527.0022691942,ppo_with_uncertainty_guard,XLU,wf_2020_2021,19
2021-10-04,1077377.56872915,ppo_with_uncertainty_guard,XLU,wf_2020_2021,19
2021-10-05,1078340.227862423,ppo_with_uncertainty_guard,XLU,wf_2020_2021,19
2021-10-06,1074329.1363724067,ppo_with_uncertainty_guard,XLU,wf_2020_2021,19
2021-10-07,1068392.5861763884,ppo_with_uncertainty_guard,XLU,wf_2020_2021,19
2021-10-08,1078500.6828905134,ppo_with_uncertainty_guard,XLU,wf_2020_2021,19
2021-10-11,1062456.2462071467,ppo_with_uncertainty_guard,XLU,wf_2020_2021,19
2021-10-12,1067911.2214159893,ppo_with_uncertainty_guard,XLU,wf_2020_2021,19
2021-10-13,1076575.434868904,ppo_with_uncertainty_guard,XLU,wf_2020_2021,19
2021-10-14,1069997.135052534,ppo_with_uncertainty_guard,XLU,wf_2020_2021,19
2021-10-15,1069355.4557846594,ppo_with_uncertainty_guard,XLU,wf_2020_2021,19
2021-10-18,1083474.504242832,ppo_with_uncertainty_guard,XLU,wf_2020_2021,19
2021-10-19,1078340.2282141412,ppo_with_uncertainty_guard,XLU,wf_2020_2021,19
2021-10-20,1079302.7471080325,ppo_with_uncertainty_guard,XLU,wf_2020_2021,19
2021-10-21,1073687.4571095733,ppo_with_uncertainty_guard,XLU,wf_2020_2021,19
2021-10-22,1079784.181988347,ppo_with_uncertainty_guard,XLU,wf_2020_2021,19
2021-10-25,1086362.341746829,ppo_with_uncertainty_guard,XLU,wf_2020_2021,19
2021-10-26,1087485.4558836864,ppo_with_uncertainty_guard,XLU,wf_2020_2021,19
2021-10-27,1088127.27548055,ppo_with_uncertainty_guard,XLU,wf_2020_2021,19
2021-10-28,1071120.3889367094,ppo_with_uncertainty_guard,XLU,wf_2020_2021,19
2021-10-29,1087004.1614045245,ppo_with_uncertainty_guard,XLU,wf_2020_2021,19
2021-11-01,1055236.2656649884,ppo_with_uncertainty_guard,XLU,wf_2020_2021,19
2021-11-02,1057161.5841788347,ppo_with_uncertainty_guard,XLU,wf_2020_2021,19
2021-11-03,1070639.094482211,ppo_with_uncertainty_guard,XLU,wf_2020_2021,19
2021-11-04,1081388.6609490202,ppo_with_uncertainty_guard,XLU,wf_2020_2021,19
2021-11-05,1097914.1830506187,ppo_with_uncertainty_guard,XLU,wf_2020_2021,19
2021-11-08,1106097.1025567786,ppo_with_uncertainty_guard,XLU,wf_2020_2021,19
2021-11-09,1104973.637575832,ppo_with_uncertainty_guard,XLU,wf_2020_2021,19
2021-11-10,1103529.8240550538,ppo_with_uncertainty_guard,XLU,wf_2020_2021,19
2021-11-11,1109466.164480664,ppo_with_uncertainty_guard,XLU,wf_2020_2021,19
2021-11-12,1123103.7791062035,ppo_with_uncertainty_guard,XLU,wf_2020_2021,19
2021-11-15,1116365.304459744,ppo_with_uncertainty_guard,XLU,wf_2020_2021,19
2021-11-16,1134655.9009752525,ppo_with_uncertainty_guard,XLU,wf_2020_2021,19
2021-11-17,1140431.7163620954,ppo_with_uncertainty_guard,XLU,wf_2020_2021,19
2021-11-18,1123264.5848151757,ppo_with_uncertainty_guard,XLU,wf_2020_2021,19
2021-11-19,1124331.7116716816,ppo_with_uncertainty_guard,XLU,wf_2020_2021,19
2021-11-22,1122714.8846748453,ppo_with_uncertainty_guard,XLU,wf_2020_2021,19
2021-11-23,1127565.9971012638,ppo_with_uncertainty_guard,XLU,wf_2020_2021,19
2021-11-24,1127403.9986822275,ppo_with_uncertainty_guard,XLU,wf_2020_2021,19
2021-11-26,1132901.8419272187,ppo_with_uncertainty_guard,XLU,wf_2020_2021,19
2021-11-29,1143089.430659818,ppo_with_uncertainty_guard,XLU,wf_2020_2021,19
2021-11-30,1149234.215212334,ppo_with_uncertainty_guard,XLU,wf_2020_2021,19
