date,portfolio_value,seed,agent,uncertainty
2022-02-01,1000000.0,19,ppo_with_uncertainty_guard,0.18526296
2022-02-02,1004522.0092671451,19,ppo_with_uncertainty_guard,0.18526296
2022-02-03,993887.3522504608,19,ppo_with_uncertainty_guard,0.109284334
2022-02-04,995684.7403015802,19,ppo_with_uncertainty_guard,0.20469129
2022-02-07,994429.0473618184,19,ppo_with_uncertainty_guard,0.23059572
2022-02-08,997196.231435476,19,ppo_with_uncertainty_guard,0.2685272
2022-02-09,1002475.2315293527,19,ppo_with_uncertainty_guard,0.25187436
2022-02-10,995462.4288647063,19,ppo_with_uncertainty_guard,0.18746021
2022-02-11,986894.7581508623,19,ppo_with_uncertainty_guard,0.2562689
2022-02-14,985331.4441379178,19,ppo_with_uncertainty_guard,0.37630817
2022-02-15,992809.2221490117,19,ppo_with_uncertainty_guard,0.43436188
2022-02-16,993337.4015821267,19,ppo_with_uncertainty_guard,0.37492043
2022-02-17,983076.9703419324,19,ppo_with_uncertainty_guard,0.34034264
2022-02-18,980221.3556124673,19,ppo_with_uncertainty_guard,0.41724643
2022-02-22,975574.60356975,19,ppo_with_uncertainty_guard,0.46292612
2022-02-23,967976.3289780907,19,ppo_with_uncertainty_guard,0.5157758
2022-02-24,973917.977909143,19,ppo_with_uncertainty_guard,0.59557074
2022-02-25,982459.807308088,19,ppo_with_uncertainty_guard,0.52884364
2022-02-28,981445.6515870994,19,ppo_with_uncertainty_guard,0.38116527
2022-03-01,975424.4846124828,19,ppo_with_uncertainty_guard,0.3224177
2022-03-02,983027.8145745114,19,ppo_with_uncertainty_guard,0.36000225
2022-03-03,980723.9822763312,19,ppo_with_uncertainty_guard,0.28390798
2022-03-04,976693.3561206474,19,ppo_with_uncertainty_guard,0.28043863
2022-03-07,962362.2853522536,19,ppo_with_uncertainty_guard,0.3149008
2022-03-08,958936.2115012443,19,ppo_with_uncertainty_guard,0.46373564
2022-03-09,970879.3472124471,19,ppo_with_uncertainty_guard,0.5412177
2022-03-10,968835.361989459,19,ppo_with_uncertainty_guard,0.4321646
2022-03-11,963122.8682473323,19,ppo_with_uncertainty_guard,0.39781812
2022-03-14,959881.3603292829,19,ppo_with_uncertainty_guard,0.42580414
2022-03-15,969563.9028069536,19,ppo_with_uncertainty_guard,0.454831
2022-03-16,979454.9958341027,19,ppo_with_uncertainty_guard,0.35225406
2022-03-17,984703.463502869,19,ppo_with_uncertainty_guard,0.20827629
2022-03-18,989825.0983385043,19,ppo_with_uncertainty_guard,0.10084227
2022-03-21,989625.9635333798,19,ppo_with_uncertainty_guard,0.025210567
2022-03-22,995494.3117444683,19,ppo_with_uncertainty_guard,0.024054118
2022-03-23,989502.2504469317,19,ppo_with_uncertainty_guard,0.0
2022-03-24,995948.3034933917,19,ppo_with_uncertainty_guard,0.08384248
2022-03-25,998204.7227687157,19,ppo_with_uncertainty_guard,0.07459089
2022-03-28,1001844.2294869203,19,ppo_with_uncertainty_guard,0.07933233
2022-03-29,1008147.245789032,19,ppo_with_uncertainty_guard,0.07378138
2022-03-30,1004629.945794308,19,ppo_with_uncertainty_guard,0.042094707
2022-03-31,996223.7432305915,19,ppo_with_uncertainty_guard,0.087658755
2022-04-01,997584.6874168637,19,ppo_with_uncertainty_guard,0.19914034
2022-04-04,1001600.0394549591,19,ppo_with_uncertainty_guard,0.2447044
2022-04-05,995907.9819083111,19,ppo_with_uncertainty_guard,0.23533717
2022-04-06,991860.8270186994,19,ppo_with_uncertainty_guard,0.2989418
2022-04-07,993606.7966767274,19,ppo_with_uncertainty_guard,0.37052593
2022-04-08,992558.1597195682,19,ppo_with_uncertainty_guard,0.3712198
2022-04-11,986318.7339986482,19,ppo_with_uncertainty_guard,0.37862107
2022-04-12,985034.7335649335,19,ppo_with_uncertainty_guard,0.45089906
2022-04-13,988941.7433221492,19,ppo_with_uncertainty_guard,0.48085108
2022-04-14,985028.4007337089,19,ppo_with_uncertainty_guard,0.42430076
2022-04-18,985154.9346887122,19,ppo_with_uncertainty_guard,0.4458107
2022-04-19,990124.3279559468,19,ppo_with_uncertainty_guard,0.43389928
2022-04-20,989882.4144845016,19,ppo_with_uncertainty_guard,0.34277117
2022-04-21,986437.5011711525,19,ppo_with_uncertainty_guard,0.30507097
2022-04-22,979589.8296836931,19,ppo_with_uncertainty_guard,0.3536418
2022-04-25,981050.5000534862,19,ppo_with_uncertainty_guard,0.49276248
2022-04-26,973650.3241699252,19,ppo_with_uncertainty_guard,0.50305486
2022-04-27,974210.5755196956,19,ppo_with_uncertainty_guard,0.6240193
2022-04-28,979582.3592938924,19,ppo_with_uncertainty_guard,0.62378806
2022-04-29,972356.621565654,19,ppo_with_uncertainty_guard,0.47923204
2022-05-02,973486.4235206689,19,ppo_with_uncertainty_guard,0.57140094
2022-05-03,974352.0119360525,19,ppo_with_uncertainty_guard,0.544687
2022-05-04,980128.7281053035,19,ppo_with_uncertainty_guard,0.49033394
2022-05-05,973181.2034754984,19,ppo_with_uncertainty_guard,0.3100437
2022-05-06,972324.9368398432,19,ppo_with_uncertainty_guard,0.3988589
2022-05-09,968048.014165671,19,ppo_with_uncertainty_guard,0.44361344
2022-05-10,968346.7818839806,19,ppo_with_uncertainty_guard,0.5975367
2022-05-11,966287.8851122537,19,ppo_with_uncertainty_guard,0.6170806
2022-05-12,966155.0328856102,19,ppo_with_uncertainty_guard,0.6687739
2022-05-13,968984.2273636204,19,ppo_with_uncertainty_guard,0.6536244
2022-05-16,968492.1982321866,19,ppo_with_uncertainty_guard,0.502361
2022-05-17,970976.555449275,19,ppo_with_uncertainty_guard,0.43713734
2022-05-18,966007.8507503455,19,ppo_with_uncertainty_guard,0.2974384
2022-05-19,965244.433061579,19,ppo_with_uncertainty_guard,0.4259198
2022-05-20,965298.1185371564,19,ppo_with_uncertainty_guard,0.48536122
2022-05-23,967600.3912826322,19,ppo_with_uncertainty_guard,0.49241555
2022-05-24,966846.1463295341,19,ppo_with_uncertainty_guard,0.39296103
2022-05-25,967677.3337247667,19,ppo_with_uncertainty_guard,0.37746462
2022-05-26,969830.76543364,19,ppo_with_uncertainty_guard,0.3192953
2022-05-27,973532.3980850051,19,ppo_with_uncertainty_guard,0.20492259
2022-05-31,972226.1635419164,19,ppo_with_uncertainty_guard,0.057244174
2022-06-01,970949.6068927152,19,ppo_with_uncertainty_guard,0.04764566
2022-06-02,975179.5722707822,19,ppo_with_uncertainty_guard,0.10384903
2022-06-03,972409.6628095557,19,ppo_with_uncertainty_guard,0.0645298
2022-06-06,972919.072388796,19,ppo_with_uncertainty_guard,0.15265113
2022-06-07,975016.6258475219,19,ppo_with_uncertainty_guard,0.19012006
2022-06-08,972880.09476122,19,ppo_with_uncertainty_guard,0.17843993
2022-06-09,968557.229463193,19,ppo_with_uncertainty_guard,0.23950037
2022-06-10,965109.3814316773,19,ppo_with_uncertainty_guard,0.3794306
2022-06-13,960378.6070505453,19,ppo_with_uncertainty_guard,0.5630745
2022-06-14,960018.2295381369,19,ppo_with_uncertainty_guard,0.7893914
2022-06-15,961718.0380793547,19,ppo_with_uncertainty_guard,0.84559476
2022-06-16,957715.6765197029,19,ppo_with_uncertainty_guard,0.75215375
2022-06-17,957901.9818907477,19,ppo_with_uncertainty_guard,0.8167992
2022-06-21,960326.1610022442,19,ppo_with_uncertainty_guard,0.7704257
2022-06-22,960147.1709911424,19,ppo_with_uncertainty_guard,0.5890946
2022-06-23,961113.1524511612,19,ppo_with_uncertainty_guard,0.49056524
2022-06-24,964276.9490203471,19,ppo_with_uncertainty_guard,0.37746462
2022-06-27,964036.0047579336,19,ppo_with_uncertainty_guard,0.17901815
2022-06-28,961980.2475777977,19,ppo_with_uncertainty_guard,0.12709363
2022-06-29,961857.3772406314,19,ppo_with_uncertainty_guard,0.21232384
2022-06-30,961349.3632765991,19,ppo_with_uncertainty_guard,0.25869742
2022-07-01,962522.323408694,19,ppo_with_uncertainty_guard,0.32357416
2022-07-05,962580.3416592586,19,ppo_with_uncertainty_guard,0.30241114
2022-07-06,962648.4906693326,19,ppo_with_uncertainty_guard,0.28795555
2022-07-07,963015.2948098289,19,ppo_with_uncertainty_guard,0.267949
2022-07-08,962990.1110138636,19,ppo_with_uncertainty_guard,0.19624922
2022-07-11,962990.1110138636,19,ppo_with_uncertainty_guard,0.18237185
2022-07-12,962990.1110138636,19,ppo_with_uncertainty_guard,0.2392691
2022-07-13,962990.1110138636,19,ppo_with_uncertainty_guard,0.3090029
2022-07-14,962761.9637003721,19,ppo_with_uncertainty_guard,0.36231515
2022-07-15,963432.1979781807,19,ppo_with_uncertainty_guard,0.39157328
2022-07-18,963123.8934042682,19,ppo_with_uncertainty_guard,0.310275
2022-07-19,963086.8637529416,19,ppo_with_uncertainty_guard,0.31478515
2022-07-20,963086.8637529416,19,ppo_with_uncertainty_guard,0.19150779
2022-07-21,963086.8637529416,19,ppo_with_uncertainty_guard,0.12720928
2022-07-22,963086.8637529416,19,ppo_with_uncertainty_guard,0.07008075
2022-07-25,963106.0974370842,19,ppo_with_uncertainty_guard,0.11391012
2022-07-26,961772.061087001,19,ppo_with_uncertainty_guard,0.14594373
2022-07-27,966436.1329777371,19,ppo_with_uncertainty_guard,0.23244604
2022-07-28,969473.9242437859,19,ppo_with_uncertainty_guard,0.16028368
2022-07-29,973765.2389602405,19,ppo_with_uncertainty_guard,0.095638245
2022-08-01,972630.4270432822,19,ppo_with_uncertainty_guard,0.024632342
2022-08-02,970536.9242439399,19,ppo_with_uncertainty_guard,0.039087944
2022-08-03,974792.3250475116,19,ppo_with_uncertainty_guard,0.10199871
2022-08-04,974499.6417843774,19,ppo_with_uncertainty_guard,0.08072007
2022-08-05,973878.908013086,19,ppo_with_uncertainty_guard,0.10384903
2022-08-08,973450.0752366756,19,ppo_with_uncertainty_guard,0.14235875
2022-08-09,972097.3405668761,19,ppo_with_uncertainty_guard,0.1822562
2022-08-10,977914.4731792919,19,ppo_with_uncertainty_guard,0.23175217
2022-08-11,977867.7995112268,19,ppo_with_uncertainty_guard,0.16733803
2022-08-12,982523.7883775414,19,ppo_with_uncertainty_guard,0.15924288
2022-08-15,983703.9475212474,19,ppo_with_uncertainty_guard,0.09401922
2022-08-16,984224.5361847178,19,ppo_with_uncertainty_guard,0.07262494
2022-08-17,982635.9866510957,19,ppo_with_uncertainty_guard,0.07933233
2022-08-18,982989.0902002187,19,ppo_with_uncertainty_guard,0.1388894
2022-08-19,981164.5875584901,19,ppo_with_uncertainty_guard,0.16895705
2022-08-22,977202.9357403374,19,ppo_with_uncertainty_guard,0.26008517
2022-08-23,976701.4961245175,19,ppo_with_uncertainty_guard,0.39828068
2022-08-24,977341.4533425573,19,ppo_with_uncertainty_guard,0.45749083
2022-08-25,980172.8584739362,19,ppo_with_uncertainty_guard,0.45575616
2022-08-26,973288.2975508637,19,ppo_with_uncertainty_guard,0.37630817
2022-08-29,971855.7535992649,19,ppo_with_uncertainty_guard,0.49206862
2022-08-30,969521.9473696178,19,ppo_with_uncertainty_guard,0.54329926
2022-08-31,967922.128845254,19,ppo_with_uncertainty_guard,0.5915232
2022-09-01,968551.0600441744,19,ppo_with_uncertainty_guard,0.6152303
2022-09-02,966409.9238490704,19,ppo_with_uncertainty_guard,0.5767206
2022-09-06,965651.773035873,19,ppo_with_uncertainty_guard,0.5792648
2022-09-07,969247.6929357942,19,ppo_with_uncertainty_guard,0.564231
2022-09-08,970579.4736947403,19,ppo_with_uncertainty_guard,0.4481236
2022-09-09,973765.5756759162,19,ppo_with_uncertainty_guard,0.3557234
2022-09-12,975655.3603255004,19,ppo_with_uncertainty_guard,0.2377657
2022-09-13,967516.7941562156,19,ppo_with_uncertainty_guard,0.1466376
2022-09-14,967875.3055333163,19,ppo_with_uncertainty_guard,0.32461494
2022-09-15,966553.858364299,19,ppo_with_uncertainty_guard,0.3729545
2022-09-16,965217.7270840238,19,ppo_with_uncertainty_guard,0.44430733
2022-09-19,966511.6822943364,19,ppo_with_uncertainty_guard,0.49391893
2022-09-20,965004.9896823099,19,ppo_with_uncertainty_guard,0.45980373
2022-09-21,962802.244475476,19,ppo_with_uncertainty_guard,0.4824701
2022-09-22,961760.0396659134,19,ppo_with_uncertainty_guard,0.5495441
2022-09-23,959779.6946135279,19,ppo_with_uncertainty_guard,0.58770686
2022-09-26,958632.9729690496,19,ppo_with_uncertainty_guard,0.65038633
2022-09-27,958340.0009124926,19,ppo_with_uncertainty_guard,0.68161047
2022-09-28,960592.440203162,19,ppo_with_uncertainty_guard,0.66565144
2022-09-29,958251.9205712277,19,ppo_with_uncertainty_guard,0.5309253
2022-09-30,956559.0372784333,19,ppo_with_uncertainty_guard,0.54607475
2022-10-03,959404.628731262,19,ppo_with_uncertainty_guard,0.5895572
2022-10-04,962832.6153473256,19,ppo_with_uncertainty_guard,0.45725954
2022-10-05,962567.0682436515,19,ppo_with_uncertainty_guard,0.2509492
2022-10-06,961985.5065576448,19,ppo_with_uncertainty_guard,0.17994331
2022-10-07,961519.3120254537,19,ppo_with_uncertainty_guard,0.20399742
2022-10-10,960821.9583626788,19,ppo_with_uncertainty_guard,0.3510976
2022-10-11,960460.1878426641,19,ppo_with_uncertainty_guard,0.4409536
2022-10-12,960404.8772970074,19,ppo_with_uncertainty_guard,0.49576926
2022-10-13,960441.0175706457,19,ppo_with_uncertainty_guard,0.5153132
2022-10-14,960408.9865971681,19,ppo_with_uncertainty_guard,0.3831312
2022-10-17,960407.6130808154,19,ppo_with_uncertainty_guard,0.42626673
2022-10-18,960407.6130808154,19,ppo_with_uncertainty_guard,0.30911854
2022-10-19,960407.6130808154,19,ppo_with_uncertainty_guard,0.21070482
2022-10-20,959696.1702709697,19,ppo_with_uncertainty_guard,0.20873886
2022-10-21,963025.7129381362,19,ppo_with_uncertainty_guard,0.25314647
2022-10-24,964291.3504392556,19,ppo_with_uncertainty_guard,0.16814753
2022-10-25,966641.8756896341,19,ppo_with_uncertainty_guard,0.09691034
2022-10-26,965050.2253381221,19,ppo_with_uncertainty_guard,0.01688414
2022-10-27,963492.178773642,19,ppo_with_uncertainty_guard,0.049495973
2022-10-28,968445.161989652,19,ppo_with_uncertainty_guard,0.11194417
2022-10-31,966873.2196285499,19,ppo_with_uncertainty_guard,0.054121766
2022-11-01,966168.5369850624,19,ppo_with_uncertainty_guard,0.09575389
2022-11-02,960610.618385788,19,ppo_with_uncertainty_guard,0.15392323
2022-11-03,957925.1569426992,19,ppo_with_uncertainty_guard,0.3108532
2022-11-04,961563.2980933151,19,ppo_with_uncertainty_guard,0.42221916
2022-11-07,964016.7409762049,19,ppo_with_uncertainty_guard,0.39481133
2022-11-08,965413.8419091438,19,ppo_with_uncertainty_guard,0.335023
2022-11-09,959798.7637188276,19,ppo_with_uncertainty_guard,0.28159508
2022-11-10,976824.3367219537,19,ppo_with_uncertainty_guard,0.35433567
2022-11-11,980016.4378756494,19,ppo_with_uncertainty_guard,0.13414797
2022-11-14,976649.1664418877,19,ppo_with_uncertainty_guard,0.024516698
2022-11-15,980049.961751874,19,ppo_with_uncertainty_guard,0.042325996
2022-11-16,976492.93989567,19,ppo_with_uncertainty_guard,0.036775045
2022-11-17,975202.5431356872,19,ppo_with_uncertainty_guard,0.10061097
2022-11-18,976949.3128617866,19,ppo_with_uncertainty_guard,0.16317481
2022-11-21,975566.1840998713,19,ppo_with_uncertainty_guard,0.18734458
2022-11-22,980486.295472729,19,ppo_with_uncertainty_guard,0.22943927
2022-11-23,982820.9337288052,19,ppo_with_uncertainty_guard,0.19543971
2022-11-25,982729.8989206754,19,ppo_with_uncertainty_guard,0.16699108
2022-11-28,976062.104532907,19,ppo_with_uncertainty_guard,0.17057608
2022-11-29,975389.1951308956,19,ppo_with_uncertainty_guard,0.25939128
2022-11-30,986677.9974267934,19,ppo_with_uncertainty_guard,0.30761516
2022-12-01,986331.5520116927,19,ppo_with_uncertainty_guard,0.18988876
2022-12-02,985755.6385560307,19,ppo_with_uncertainty_guard,0.16074628
2022-12-05,977737.3567392218,19,ppo_with_uncertainty_guard,0.16560335
2022-12-06,971744.3046649176,19,ppo_with_uncertainty_guard,0.2648266
2022-12-07,970941.9920577456,19,ppo_with_uncertainty_guard,0.37538302
2022-12-08,974364.3571086325,19,ppo_with_uncertainty_guard,0.42349124
2022-12-09,971066.4178506976,19,ppo_with_uncertainty_guard,0.39793375
2022-12-12,977056.0922281153,19,ppo_with_uncertainty_guard,0.41423967
2022-12-13,980009.5204246102,19,ppo_with_uncertainty_guard,0.34161472
2022-12-14,977187.7284183945,19,ppo_with_uncertainty_guard,0.27442512
2022-12-15,967014.225725622,19,ppo_with_uncertainty_guard,0.27696928
2022-12-16,961960.8324908718,19,ppo_with_uncertainty_guard,0.39018556
2022-12-19,958635.8583620212,19,ppo_with_uncertainty_guard,0.48004156
2022-12-20,959162.5870264659,19,ppo_with_uncertainty_guard,0.5398299
2022-12-21,964926.1304291507,19,ppo_with_uncertainty_guard,0.534279
2022-12-22,959344.9347826602,19,ppo_with_uncertainty_guard,0.4414162
2022-12-23,961527.2109453303,19,ppo_with_uncertainty_guard,0.45321196
2022-12-27,960085.6780460933,19,ppo_with_uncertainty_guard,0.41077033
2022-12-28,955631.7705397594,19,ppo_with_uncertainty_guard,0.39989972
2022-12-29,961914.5668180482,19,ppo_with_uncertainty_guard,0.43956587
2022-12-30,960977.9267604181,19,ppo_with_uncertainty_guard,0.35965532
2023-01-03,959390.8282283184,19,ppo_with_uncertainty_guard,0.33490732
2023-01-04,962519.0256863775,19,ppo_with_uncertainty_guard,0.33698896
2023-01-05,958049.7051036891,19,ppo_with_uncertainty_guard,0.2981323
2023-01-06,966076.156162051,19,ppo_with_uncertainty_guard,0.33548555
2023-01-09,965809.2122709526,19,ppo_with_uncertainty_guard,0.24285407
2023-01-10,968869.3152030421,19,ppo_with_uncertainty_guard,0.21741222
2023-01-11,974982.0464139578,19,ppo_with_uncertainty_guard,0.1812154
2023-01-12,976870.7398857321,19,ppo_with_uncertainty_guard,0.123393
2023-01-13,978926.9385987653,19,ppo_with_uncertainty_guard,0.10303952
2023-01-17,977985.3983620001,19,ppo_with_uncertainty_guard,0.097719856
2023-01-18,970231.7819077597,19,ppo_with_uncertainty_guard,0.12628412
2023-01-19,966556.6937313321,19,ppo_with_uncertainty_guard,0.23013315
2023-01-20,976234.2678997715,19,ppo_with_uncertainty_guard,0.31455386
2023-01-23,982740.4942706048,19,ppo_with_uncertainty_guard,0.26829594
2023-01-24,982107.067371123,19,ppo_with_uncertainty_guard,0.20376614
2023-01-25,982300.2585249082,19,ppo_with_uncertainty_guard,0.19139214
2023-01-26,988760.442536762,19,ppo_with_uncertainty_guard,0.19509278
2023-01-27,990168.013019928,19,ppo_with_uncertainty_guard,0.15889595
2023-01-30,982318.1770246213,19,ppo_with_uncertainty_guard,0.15056953
2023-01-31,991366.5247455218,19,ppo_with_uncertainty_guard,0.22088157
2023-02-01,998021.916182773,19,ppo_with_uncertainty_guard,0.19197036
2023-02-02,1007111.744500967,19,ppo_with_uncertainty_guard,0.14848793
2023-02-03,1000002.662672227,19,ppo_with_uncertainty_guard,0.08233909
2023-02-06,996136.7969423453,19,ppo_with_uncertainty_guard,0.12732492
2023-02-07,1004346.5185770639,19,ppo_with_uncertainty_guard,0.19116086
2023-02-08,997638.7599979069,19,ppo_with_uncertainty_guard,0.17254204
2023-02-09,992648.3845787315,19,ppo_with_uncertainty_guard,0.23279297
2023-02-10,994008.4118494284,19,ppo_with_uncertainty_guard,0.30368325
2023-02-13,1001126.4071871954,19,ppo_with_uncertainty_guard,0.324268
2023-02-14,1000840.6840747718,19,ppo_with_uncertainty_guard,0.28020734
2023-02-15,1002809.0096911631,19,ppo_with_uncertainty_guard,0.267949
2023-02-16,994416.1623106208,19,ppo_with_uncertainty_guard,0.2501397
2023-02-17,992811.2686444849,19,ppo_with_uncertainty_guard,0.3115471
2023-02-21,979973.6827625929,19,ppo_with_uncertainty_guard,0.34635618
2023-02-22,979080.4117926623,19,ppo_with_uncertainty_guard,0.4499739
2023-02-23,982475.3675332103,19,ppo_with_uncertainty_guard,0.4824701
2023-02-24,975717.4278144153,19,ppo_with_uncertainty_guard,0.45552486
2023-02-27,977845.8669748885,19,ppo_with_uncertainty_guard,0.47749737
2023-02-28,975528.208684673,19,ppo_with_uncertainty_guard,0.44985828
2023-03-01,973132.8956594539,19,ppo_with_uncertainty_guard,0.43945023
2023-03-02,977968.8198542715,19,ppo_with_uncertainty_guard,0.4365591
2023-03-03,988019.0660494091,19,ppo_with_uncertainty_guard,0.38486588
2023-03-06,988458.8877841381,19,ppo_with_uncertainty_guard,0.28309846
2023-03-07,978376.7036021652,19,ppo_with_uncertainty_guard,0.2390378
2023-03-08,979447.6528129224,19,ppo_with_uncertainty_guard,0.2945473
2023-03-09,967083.7936915891,19,ppo_with_uncertainty_guard,0.30934983
2023-03-10,957442.0750504811,19,ppo_with_uncertainty_guard,0.4014031
2023-03-13,956511.9303502333,19,ppo_with_uncertainty_guard,0.49368766
2023-03-14,967058.4563555128,19,ppo_with_uncertainty_guard,0.51970774
2023-03-15,963001.7842571621,19,ppo_with_uncertainty_guard,0.43551832
2023-03-16,974310.6762042148,19,ppo_with_uncertainty_guard,0.41597435
2023-03-17,966693.2304495359,19,ppo_with_uncertainty_guard,0.31293482
2023-03-20,973071.766204858,19,ppo_with_uncertainty_guard,0.32276464
2023-03-21,982143.6102103244,19,ppo_with_uncertainty_guard,0.27708495
2023-03-22,969818.7021919811,19,ppo_with_uncertainty_guard,0.20318791
2023-03-23,971772.0328654837,19,ppo_with_uncertainty_guard,0.26135725
2023-03-24,976641.2468126217,19,ppo_with_uncertainty_guard,0.27454075
2023-03-27,978053.7531262825,19,ppo_with_uncertainty_guard,0.25615323
2023-03-28,976285.6915391416,19,ppo_with_uncertainty_guard,0.24667035
2023-03-29,987373.7903034524,19,ppo_with_uncertainty_guard,0.25881305
2023-03-30,991944.8219698096,19,ppo_with_uncertainty_guard,0.20307226
2023-03-31,1003243.9731907714,19,ppo_with_uncertainty_guard,0.16664416
2023-04-03,1006374.5665077419,19,ppo_with_uncertainty_guard,0.102230005
2023-04-04,1001827.8918675621,19,ppo_with_uncertainty_guard,0.08060443
2023-04-05,999703.3568822818,19,ppo_with_uncertainty_guard,0.11969237
2023-04-06,1002897.1461863641,19,ppo_with_uncertainty_guard,0.16768496
2023-04-10,1003744.7238242707,19,ppo_with_uncertainty_guard,0.18630376
2023-04-11,1003965.926381224,19,ppo_with_uncertainty_guard,0.20457564
2023-04-12,1000570.5805607303,19,ppo_with_uncertainty_guard,0.22296317
2023-04-13,1011699.1791526641,19,ppo_with_uncertainty_guard,0.25915998
2023-04-14,1009581.8650812018,19,ppo_with_uncertainty_guard,0.21937819
2023-04-17,1012696.1802141685,19,ppo_with_uncertainty_guard,0.22608559
2023-04-18,1013264.9018268257,19,ppo_with_uncertainty_guard,0.21914689
2023-04-19,1013106.0698144289,19,ppo_with_uncertainty_guard,0.22377269
2023-04-20,1008235.5511713997,19,ppo_with_uncertainty_guard,0.23533717
2023-04-21,1008908.107199965,19,ppo_with_uncertainty_guard,0.2723435
2023-04-24,1009824.7675530624,19,ppo_with_uncertainty_guard,0.28795555
2023-04-25,995652.9993543931,19,ppo_with_uncertainty_guard,0.29315957
2023-04-26,991923.4769191004,19,ppo_with_uncertainty_guard,0.36948514
2023-04-27,1009299.059346182,19,ppo_with_uncertainty_guard,0.41192678
2023-04-28,1016898.196985016,19,ppo_with_uncertainty_guard,0.3309754
2023-05-01,1015991.4088719331,19,ppo_with_uncertainty_guard,0.25881305
2023-05-02,1005896.7857522729,19,ppo_with_uncertainty_guard,0.23614667
2023-05-03,999744.7973641081,19,ppo_with_uncertainty_guard,0.28286716
2023-05-04,993431.9126797747,19,ppo_with_uncertainty_guard,0.33421347
2023-05-05,1009766.7873846836,19,ppo_with_uncertainty_guard,0.38579106
2023-05-08,1010006.2854833908,19,ppo_with_uncertainty_guard,0.31640416
2023-05-09,1006029.0344678537,19,ppo_with_uncertainty_guard,0.28830248
2023-05-10,1010216.9900512783,19,ppo_with_uncertainty_guard,0.2955881
2023-05-11,1008630.6651315242,19,ppo_with_uncertainty_guard,0.27720058
2023-05-12,1007433.5795703572,19,ppo_with_uncertainty_guard,0.28147945
2023-05-15,1010584.4262566519,19,ppo_with_uncertainty_guard,0.290731
2023-05-16,1004397.6889232888,19,ppo_with_uncertainty_guard,0.28078556
2023-05-17,1015584.1256092512,19,ppo_with_uncertainty_guard,0.310275
2023-05-18,1024621.3621852809,19,ppo_with_uncertainty_guard,0.26632997
2023-05-19,1023228.882910728,19,ppo_with_uncertainty_guard,0.21093611
2023-05-22,1023608.3148258667,19,ppo_with_uncertainty_guard,0.20411307
2023-05-23,1013040.6461938889,19,ppo_with_uncertainty_guard,0.20862322
2023-05-24,1006312.6180466013,19,ppo_with_uncertainty_guard,0.27199656
2023-05-25,1014309.0109326001,19,ppo_with_uncertainty_guard,0.33444476
2023-05-26,1026423.9988483714,19,ppo_with_uncertainty_guard,0.3201048
2023-05-30,1026779.5802874493,19,ppo_with_uncertainty_guard,0.25696275
2023-05-31,1021555.9157221845,19,ppo_with_uncertainty_guard,0.23452765
2023-06-01,1030484.3859873415,19,ppo_with_uncertainty_guard,0.255575
2023-06-02,1044225.9182453045,19,ppo_with_uncertainty_guard,0.22585429
2023-06-05,1042383.3558501493,19,ppo_with_uncertainty_guard,0.15889595
2023-06-06,1044475.5768320769,19,ppo_with_uncertainty_guard,0.15658306
2023-06-07,1041129.4662631142,19,ppo_with_uncertainty_guard,0.15958983
2023-06-08,1046946.6817100387,19,ppo_with_uncertainty_guard,0.19289553
2023-06-09,1048685.2441538274,19,ppo_with_uncertainty_guard,0.19208601
2023-06-12,1057479.7466473952,19,ppo_with_uncertainty_guard,0.19786826
2023-06-13,1063936.7372292443,19,ppo_with_uncertainty_guard,0.17138559
2023-06-14,1065096.612600646,19,ppo_with_uncertainty_guard,0.14640632
2023-06-15,1077234.3387167777,19,ppo_with_uncertainty_guard,0.14779405
2023-06-16,1073835.9993754877,19,ppo_with_uncertainty_guard,0.10963127
2023-06-20,1068667.466020137,19,ppo_with_uncertainty_guard,0.13206635
2023-06-21,1063620.578443049,19,ppo_with_uncertainty_guard,0.18248749
2023-06-22,1067130.2690070062,19,ppo_with_uncertainty_guard,0.24100377
2023-06-23,1059787.1258393175,19,ppo_with_uncertainty_guard,0.25719404
2023-06-26,1055836.3214094085,19,ppo_with_uncertainty_guard,0.30576485
2023-06-27,1066378.4965747572,19,ppo_with_uncertainty_guard,0.34450585
2023-06-28,1066865.8676700015,19,ppo_with_uncertainty_guard,0.3081934
2023-06-29,1070708.354528091,19,ppo_with_uncertainty_guard,0.29223442
2023-06-30,1082327.4455715592,19,ppo_with_uncertainty_guard,0.26748642
2023-07-03,1083475.1511191078,19,ppo_with_uncertainty_guard,0.20827629
2023-07-05,1081980.2948764733,19,ppo_with_uncertainty_guard,0.18942618
2023-07-06,1074067.736460499,19,ppo_with_uncertainty_guard,0.19902469
2023-07-07,1071536.5096829052,19,ppo_with_uncertainty_guard,0.24979277
2023-07-10,1074066.824893179,19,ppo_with_uncertainty_guard,0.28830248
2023-07-11,1080449.586968239,19,ppo_with_uncertainty_guard,0.29651326
2023-07-12,1088519.6851598946,19,ppo_with_uncertainty_guard,0.2736156
2023-07-13,1096506.1275450299,19,ppo_with_uncertainty_guard,0.23198347
2023-07-14,1095871.6879407514,19,ppo_with_uncertainty_guard,0.18676636
2023-07-17,1099388.6131129249,19,ppo_with_uncertainty_guard,0.18306571
2023-07-18,1106998.9260036629,19,ppo_with_uncertainty_guard,0.17797734
2023-07-19,1109284.6395554475,19,ppo_with_uncertainty_guard,0.15658306
2023-07-20,1102477.0353556469,19,ppo_with_uncertainty_guard,0.1546171
2023-07-21,1102470.910734235,19,ppo_with_uncertainty_guard,0.20006551
2023-07-24,1106960.1756952668,19,ppo_with_uncertainty_guard,0.23036444
2023-07-25,1109715.2537569213,19,ppo_with_uncertainty_guard,0.2325617
2023-07-26,1109864.5657379827,19,ppo_with_uncertainty_guard,0.23048009
2023-07-27,1103140.9766825198,19,ppo_with_uncertainty_guard,0.23765007
2023-07-28,1113058.4677176888,19,ppo_with_uncertainty_guard,0.2780101
2023-07-31,1114988.8109096412,19,ppo_with_uncertainty_guard,0.25337777
2023-08-01,1112044.764648041,19,ppo_with_uncertainty_guard,0.2426228
2023-08-02,1097887.0534894918,19,ppo_with_uncertainty_guard,0.25696275
2023-08-03,1095005.0596409678,19,ppo_with_uncertainty_guard,0.3309754
2023-08-04,1090491.2737152681,19,ppo_with_uncertainty_guard,0.37110415
2023-08-07,1099094.0163858165,19,ppo_with_uncertainty_guard,0.40336907
2023-08-08,1094767.6621378653,19,ppo_with_uncertainty_guard,0.36728787
2023-08-09,1088183.1848407304,19,ppo_with_uncertainty_guard,0.3668253
2023-08-10,1088531.2005496994,19,ppo_with_uncertainty_guard,0.3882196
2023-08-11,1087957.6147288857,19,ppo_with_uncertainty_guard,0.3856754
2023-08-14,1093337.4235552484,19,ppo_with_uncertainty_guard,0.3787367
2023-08-15,1081933.2259149586,19,ppo_with_uncertainty_guard,0.3425399
2023-08-16,1074786.2579247942,19,ppo_with_uncertainty_guard,0.37653947
2023-08-17,1067469.9638948548,19,ppo_with_uncertainty_guard,0.41377708
2023-08-18,1067928.1269210938,19,ppo_with_uncertainty_guard,0.4522868
2023-08-21,1074124.8404484147,19,ppo_with_uncertainty_guard,0.45032084
2023-08-22,1071539.2044314735,19,ppo_with_uncertainty_guard,0.40521938
2023-08-23,1082116.3017030503,19,ppo_with_uncertainty_guard,0.38787267
2023-08-24,1068808.23259496,19,ppo_with_uncertainty_guard,0.31917965
2023-08-25,1075417.0111514917,19,ppo_with_uncertainty_guard,0.3523697
2023-08-28,1081411.066629162,19,ppo_with_uncertainty_guard,0.3257714
2023-08-29,1095278.879257958,19,ppo_with_uncertainty_guard,0.28564265
2023-08-30,1099312.7010255838,19,ppo_with_uncertainty_guard,0.20561646
2023-08-31,1097854.895653816,19,ppo_with_uncertainty_guard,0.1644469
2023-09-01,1099703.4366160147,19,ppo_with_uncertainty_guard,0.16733803
2023-09-05,1095360.9329991797,19,ppo_with_uncertainty_guard,0.17404543
2023-09-06,1088667.8295047015,19,ppo_with_uncertainty_guard,0.21174562
2023-09-07,1085638.728556584,19,ppo_with_uncertainty_guard,0.26818028
2023-09-08,1087122.5813471994,19,ppo_with_uncertainty_guard,0.31039065
2023-09-11,1093618.0244492248,19,ppo_with_uncertainty_guard,0.32230204
2023-09-12,1088132.3057475144,19,ppo_with_uncertainty_guard,0.29709148
2023-09-13,1089291.0687752508,19,ppo_with_uncertainty_guard,0.3131661
2023-09-14,1097815.077806777,19,ppo_with_uncertainty_guard,0.31177837
2023-09-15,1085702.732902441,19,ppo_with_uncertainty_guard,0.27211222
2023-09-18,1086283.1235895297,19,ppo_with_uncertainty_guard,0.31455386
2023-09-19,1084220.6563010125,19,ppo_with_uncertainty_guard,0.32623398
2023-09-20,1075040.4447713215,19,ppo_with_uncertainty_guard,0.33988005
2023-09-21,1058786.8256730563,19,ppo_with_uncertainty_guard,0.3833625
2023-09-22,1056612.9521054246,19,ppo_with_uncertainty_guard,0.4682458
2023-09-25,1060669.4288298606,19,ppo_with_uncertainty_guard,0.49519104
2023-09-26,1046438.4561194532,19,ppo_with_uncertainty_guard,0.4690553
2023-09-27,1046819.3373398134,19,ppo_with_uncertainty_guard,0.507912
2023-09-28,1052354.8863393862,19,ppo_with_uncertainty_guard,0.49727264
2023-09-29,1050024.158575226,19,ppo_with_uncertainty_guard,0.44650456
2023-10-02,1049643.136235481,19,ppo_with_uncertainty_guard,0.42036885
2023-10-03,1036833.5705327878,19,ppo_with_uncertainty_guard,0.39619908
2023-10-04,1043708.3312516853,19,ppo_with_uncertainty_guard,0.43609655
2023-10-05,1043349.9638151745,19,ppo_with_uncertainty_guard,0.40313777
2023-10-06,1054636.0352039589,19,ppo_with_uncertainty_guard,0.38232172
2023-10-09,1060794.2020561055,19,ppo_with_uncertainty_guard,0.31039065
2023-10-10,1065859.3968100958,19,ppo_with_uncertainty_guard,0.2514118
2023-10-11,1069842.8650371304,19,ppo_with_uncertainty_guard,0.20711984
2023-10-12,1063918.8253742014,19,ppo_with_uncertainty_guard,0.17971201
2023-10-13,1059145.2521062423,19,ppo_with_uncertainty_guard,0.20908579
2023-10-16,1069144.2654914884,19,ppo_with_uncertainty_guard,0.2530308
2023-10-17,1069098.4969731993,19,ppo_with_uncertainty_guard,0.23071137
2023-10-18,1056429.1164055215,19,ppo_with_uncertainty_guard,0.2323304
2023-10-19,1048102.5842184885,19,ppo_with_uncertainty_guard,0.30067647
2023-10-20,1036470.44873429,19,ppo_with_uncertainty_guard,0.3683287
2023-10-23,1034851.48507569,19,ppo_with_uncertainty_guard,0.44731408
2023-10-24,1041830.5111409349,19,ppo_with_uncertainty_guard,0.47333416
2023-10-25,1028510.1477627809,19,ppo_with_uncertainty_guard,0.4334367
2023-10-26,1017560.6237569988,19,ppo_with_uncertainty_guard,0.4692866
2023-10-27,1013474.9544947323,19,ppo_with_uncertainty_guard,0.5176261
2023-10-30,1024195.5295908746,19,ppo_with_uncertainty_guard,0.5346259
2023-10-31,1029894.1003930758,19,ppo_with_uncertainty_guard,0.4633887
2023-11-01,1039631.9973510772,19,ppo_with_uncertainty_guard,0.38879782
2023-11-02,1057182.6301525023,19,ppo_with_uncertainty_guard,0.29847923
2023-11-03,1065639.4587593093,19,ppo_with_uncertainty_guard,0.17392978
2023-11-06,1067764.5439212308,19,ppo_with_uncertainty_guard,0.094597444
2023-11-07,1070373.373615409,19,ppo_with_uncertainty_guard,0.0712372
2023-11-08,1071045.309181852,19,ppo_with_uncertainty_guard,0.07262494
2023-11-09,1063716.0966505115,19,ppo_with_uncertainty_guard,0.09575389
2023-11-10,1078435.963007876,19,ppo_with_uncertainty_guard,0.16433126
2023-11-13,1077502.557949633,19,ppo_with_uncertainty_guard,0.1388894
2023-11-14,1096453.5748379042,19,ppo_with_uncertainty_guard,0.15519533
2023-11-15,1098572.1629549284,19,ppo_with_uncertainty_guard,0.09043423
2023-11-16,1099805.3630919964,19,ppo_with_uncertainty_guard,0.07979491
2023-11-17,1101071.5218020638,19,ppo_with_uncertainty_guard,0.09251584
2023-11-20,1109000.0579730573,19,ppo_with_uncertainty_guard,0.1156448
2023-11-21,1106719.8187259196,19,ppo_with_uncertainty_guard,0.112406746
2023-11-22,1110757.6334924253,19,ppo_with_uncertainty_guard,0.14409342
2023-11-24,1111401.481133909,19,ppo_with_uncertainty_guard,0.15704563
2023-11-27,1109496.0198861288,19,ppo_with_uncertainty_guard,0.17739913
2023-11-28,1110536.0239397776,19,ppo_with_uncertainty_guard,0.20873886
2023-11-29,1109794.6098532353,19,ppo_with_uncertainty_guard,0.22886106
2023-11-30,1113934.447181619,19,ppo_with_uncertainty_guard,0.24990842
2023-12-01,1120196.5020400218,19,ppo_with_uncertainty_guard,0.24759552
2023-12-04,1114613.0418095407,19,ppo_with_uncertainty_guard,0.22747332
2023-12-05,1114401.645393658,19,ppo_with_uncertainty_guard,0.25175872
2023-12-06,1110169.3796703753,19,ppo_with_uncertainty_guard,0.26725513
2023-12-07,1118119.9577589405,19,ppo_with_uncertainty_guard,0.29709148
2023-12-08,1122637.4831407524,19,ppo_with_uncertainty_guard,0.27604413
2023-12-11,1126757.1084410308,19,ppo_with_uncertainty_guard,0.25256824
2023-12-12,1131613.1311221307,19,ppo_with_uncertainty_guard,0.23082702
2023-12-13,1146392.75191307,19,ppo_with_uncertainty_guard,0.20873886
2023-12-14,1149889.6397521798,19,ppo_with_uncertainty_guard,0.14825663
2023-12-15,1148075.8553093227,19,ppo_with_uncertainty_guard,0.12628412
2023-12-18,1154244.599165994,19,ppo_with_uncertainty_guard,0.14270568
2023-12-19,1160942.723231377,19,ppo_with_uncertainty_guard,0.14154923
2023-12-20,1145516.1040109103,19,ppo_with_uncertainty_guard,0.1332228
2023-12-21,1155951.997501532,19,ppo_with_uncertainty_guard,0.21232384
2023-12-22,1158183.206648708,19,ppo_with_uncertainty_guard,0.21162999
2023-12-26,1162876.594537954,19,ppo_with_uncertainty_guard,0.21625577
2023-12-27,1164897.2314388547,19,ppo_with_uncertainty_guard,0.20873886
2023-12-28,1165318.4730330892,19,ppo_with_uncertainty_guard,0.20862322
2023-12-29,1162059.7561498366,19,ppo_with_uncertainty_guard,0.21741222
2024-01-02,1155759.6830460816,19,ppo_with_uncertainty_guard,0.24401052
2024-01-03,1146613.2468774577,19,ppo_with_uncertainty_guard,0.2872617
2024-01-04,1143040.780941796,19,ppo_with_uncertainty_guard,0.3446215
2024-01-05,1144555.0176574516,19,ppo_with_uncertainty_guard,0.37954623
2024-01-08,1160363.8879484043,19,ppo_with_uncertainty_guard,0.38093397
2024-01-09,1158659.7933734541,19,ppo_with_uncertainty_guard,0.310275
2024-01-10,1164987.457386892,19,ppo_with_uncertainty_guard,0.28795555
2024-01-11,1164490.5389840745,19,ppo_with_uncertainty_guard,0.25233695
2024-01-12,1165268.330791394,19,ppo_with_uncertainty_guard,0.24505132
2024-01-16,1161125.9463163635,19,ppo_with_uncertainty_guard,0.24458875
2024-01-17,1154887.8694726576,19,ppo_with_uncertainty_guard,0.26760206
2024-01-18,1164780.6384977766,19,ppo_with_uncertainty_guard,0.30622742
2024-01-19,1178736.9292005873,19,ppo_with_uncertainty_guard,0.2826359
2024-01-22,1181124.0272826047,19,ppo_with_uncertainty_guard,0.22134414
2024-01-23,1184434.6517265833,19,ppo_with_uncertainty_guard,0.19520842
2024-01-24,1185672.8288330012,19,ppo_with_uncertainty_guard,0.18179363
2024-01-25,1191875.8211449054,19,ppo_with_uncertainty_guard,0.18433781
2024-01-26,1190419.1000653412,19,ppo_with_uncertainty_guard,0.17404543
2024-01-29,1199482.718821873,19,ppo_with_uncertainty_guard,0.19069827
2024-01-30,1198589.4601945847,19,ppo_with_uncertainty_guard,0.17416106
2024-01-31,1179765.7303959513,19,ppo_with_uncertainty_guard,0.18665071
2024-02-01,1194659.3714295153,19,ppo_with_uncertainty_guard,0.27870396
2024-02-02,1206788.759138107,19,ppo_with_uncertainty_guard,0.26008517
2024-02-05,1202540.7984928652,19,ppo_with_uncertainty_guard,0.21440546
2024-02-06,1205920.1562091685,19,ppo_with_uncertainty_guard,0.22180672
2024-02-07,1215641.6088119969,19,ppo_with_uncertainty_guard,0.21937819
2024-02-08,1216156.2072584878,19,ppo_with_uncertainty_guard,0.19058263
2024-02-09,1222928.777894858,19,ppo_with_uncertainty_guard,0.19012006
2024-02-12,1222409.593026729,19,ppo_with_uncertainty_guard,0.1755488
2024-02-13,1206234.409319256,19,ppo_with_uncertainty_guard,0.18641941
2024-02-14,1216791.2177128482,19,ppo_with_uncertainty_guard,0.26632997
2024-02-15,1224889.5218243275,19,ppo_with_uncertainty_guard,0.26216677
2024-02-16,1218985.655369078,19,ppo_with_uncertainty_guard,0.23788135
2024-02-20,1212474.805321374,19,ppo_with_uncertainty_guard,0.2581192
2024-02-21,1213539.5063118353,19,ppo_with_uncertainty_guard,0.2953568
2024-02-22,1237918.262278142,19,ppo_with_uncertainty_guard,0.30807775
2024-02-23,1238746.1391540726,19,ppo_with_uncertainty_guard,0.22145979
2024-02-26,1234338.0497088335,19,ppo_with_uncertainty_guard,0.19382069
2024-02-27,1236567.655550301,19,ppo_with_uncertainty_guard,0.20792934
2024-02-28,1234977.3264442394,19,ppo_with_uncertainty_guard,0.21533062
2024-02-29,1239283.0956703955,19,ppo_with_uncertainty_guard,0.23499022
2024-03-01,1250564.1941835564,19,ppo_with_uncertainty_guard,0.23452765
2024-03-04,1249263.2378334,19,ppo_with_uncertainty_guard,0.20145324
2024-03-05,1237153.3634141018,19,ppo_with_uncertainty_guard,0.20480694
2024-03-06,1243228.0648968862,19,ppo_with_uncertainty_guard,0.26135725
2024-03-07,1255202.038147212,19,ppo_with_uncertainty_guard,0.26621434
2024-03-08,1247878.7652680632,19,ppo_with_uncertainty_guard,0.23036444
2024-03-11,1246836.2515324939,19,ppo_with_uncertainty_guard,0.25175872
2024-03-12,1259890.5645526997,19,ppo_with_uncertainty_guard,0.2687585
2024-03-13,1257965.3002288605,19,ppo_with_uncertainty_guard,0.23198347
2024-03-14,1255539.534702126,19,ppo_with_uncertainty_guard,0.23302427
2024-03-15,1247114.1945560162,19,ppo_with_uncertainty_guard,0.2493302
2024-03-18,1254364.8673053326,19,ppo_with_uncertainty_guard,0.29339084
2024-03-19,1261193.0337776295,19,ppo_with_uncertainty_guard,0.28598958
2024-03-20,1272617.2793621894,19,ppo_with_uncertainty_guard,0.2618198
2024-03-21,1276728.8675386142,19,ppo_with_uncertainty_guard,0.21509932
2024-03-22,1274363.0068040395,19,ppo_with_uncertainty_guard,0.19104521
2024-03-25,1270928.1518994635,19,ppo_with_uncertainty_guard,0.20052809
2024-03-26,1268631.6148904902,19,ppo_with_uncertainty_guard,0.22770461
2024-03-27,1279037.5674807779,19,ppo_with_uncertainty_guard,0.2562689
2024-03-28,1278798.8983385703,19,ppo_with_uncertainty_guard,0.23649362
2024-04-01,1276627.944072395,19,ppo_with_uncertainty_guard,0.23845957
2024-04-02,1268723.3801402505,19,ppo_with_uncertainty_guard,0.25384033
2024-04-03,1270075.1450495643,19,ppo_with_uncertainty_guard,0.29466295
2024-04-04,1255038.4564275704,19,ppo_with_uncertainty_guard,0.30749953
2024-04-05,1267759.843226907,19,ppo_with_uncertainty_guard,0.36983207
2024-04-08,1268448.0396736965,19,ppo_with_uncertainty_guard,0.34092087
2024-04-09,1269873.2800948592,19,ppo_with_uncertainty_guard,0.32507753
2024-04-10,1257474.207444358,19,ppo_with_uncertainty_guard,0.30969676
2024-04-11,1266714.9033557354,19,ppo_with_uncertainty_guard,0.34809086
2024-04-12,1249693.4745224707,19,ppo_with_uncertainty_guard,0.32357416
2024-04-15,1234439.973876525,19,ppo_with_uncertainty_guard,0.37619254
2024-04-16,1232243.4472961535,19,ppo_with_uncertainty_guard,0.44500118
2024-04-17,1225136.5437497066,19,ppo_with_uncertainty_guard,0.46732062
2024-04-18,1222681.0107429794,19,ppo_with_uncertainty_guard,0.48755848
2024-04-19,1212295.8342607329,19,ppo_with_uncertainty_guard,0.4850143
2024-04-22,1223156.1324188474,19,ppo_with_uncertainty_guard,0.5038644
2024-04-23,1237270.4041611734,19,ppo_with_uncertainty_guard,0.4468515
2024-04-24,1236699.1748928055,19,ppo_with_uncertainty_guard,0.35502952
2024-04-25,1232130.6084118616,19,ppo_with_uncertainty_guard,0.31224096
2024-04-26,1243489.9907881664,19,ppo_with_uncertainty_guard,0.30773082
2024-04-29,1247777.8930431758,19,ppo_with_uncertainty_guard,0.26112595
2024-04-30,1228505.7002863076,19,ppo_with_uncertainty_guard,0.23152089
2024-05-01,1224612.3405088298,19,ppo_with_uncertainty_guard,0.29824793
2024-05-02,1235768.4442966606,19,ppo_with_uncertainty_guard,0.33953312
2024-05-03,1250691.606969592,19,ppo_with_uncertainty_guard,0.31270355
2024-05-06,1263296.8091745002,19,ppo_with_uncertainty_guard,0.24736422
2024-05-07,1264656.8612320034,19,ppo_with_uncertainty_guard,0.17994331
2024-05-08,1264774.0892897088,19,ppo_with_uncertainty_guard,0.15935853
2024-05-09,1271891.210036589,19,ppo_with_uncertainty_guard,0.16409998
2024-05-10,1273486.354500388,19,ppo_with_uncertainty_guard,0.15554225
2024-05-13,1273652.720886991,19,ppo_with_uncertainty_guard,0.16329046
2024-05-14,1279358.66183876,19,ppo_with_uncertainty_guard,0.18144669
2024-05-15,1294835.7857317189,19,ppo_with_uncertainty_guard,0.18260314
2024-05-16,1292234.53380996,19,ppo_with_uncertainty_guard,0.14189617
2024-05-17,1294047.483164201,19,ppo_with_uncertainty_guard,0.1535763
2024-05-20,1295505.2623348034,19,ppo_with_uncertainty_guard,0.16687545
2024-05-21,1298608.2945054297,19,ppo_with_uncertainty_guard,0.18364394
2024-05-22,1294957.914773166,19,ppo_with_uncertainty_guard,0.19358939
2024-05-23,1285737.2747130282,19,ppo_with_uncertainty_guard,0.22388834
2024-05-24,1294019.4332890797,19,ppo_with_uncertainty_guard,0.27858832
2024-05-28,1294899.5876191896,19,ppo_with_uncertainty_guard,0.27500334
2024-05-29,1286044.4944028452,19,ppo_with_uncertainty_guard,0.27604413
2024-05-30,1277699.6853266687,19,ppo_with_uncertainty_guard,0.3108532
2024-05-31,1289061.6228005085,19,ppo_with_uncertainty_guard,0.35422003
2024-06-03,1290088.0256422376,19,ppo_with_uncertainty_guard,0.3265809
2024-06-04,1291496.728330903,19,ppo_with_uncertainty_guard,0.31120014
2024-06-05,1306506.7794490107,19,ppo_with_uncertainty_guard,0.297901
2024-06-06,1306480.7536541147,19,ppo_with_uncertainty_guard,0.2390378
2024-06-07,1304929.9618568686,19,ppo_with_uncertainty_guard,0.22250059
2024-06-10,1308863.8556307862,19,ppo_with_uncertainty_guard,0.22828284
2024-06-11,1311937.7828436957,19,ppo_with_uncertainty_guard,0.22469784
2024-06-12,1322425.3276665765,19,ppo_with_uncertainty_guard,0.22180672
2024-06-13,1325018.2433787065,19,ppo_with_uncertainty_guard,0.19301116
2024-06-14,1325802.3938639518,19,ppo_with_uncertainty_guard,0.18526296
2024-06-17,1336049.0501597566,19,ppo_with_uncertainty_guard,0.19150779
2024-06-18,1339343.689955458,19,ppo_with_uncertainty_guard,0.17080736
2024-06-20,1335803.4518026488,19,ppo_with_uncertainty_guard,0.16652851
2024-06-21,1334062.5870569774,19,ppo_with_uncertainty_guard,0.19197036
2024-06-24,1329862.615532037,19,ppo_with_uncertainty_guard,0.22088157
2024-06-25,1334826.653800047,19,ppo_with_uncertainty_guard,0.2576566
2024-06-26,1336443.0380270015,19,ppo_with_uncertainty_guard,0.2618198
2024-06-27,1338489.9539780575,19,ppo_with_uncertainty_guard,0.2641327
2024-06-28,1333380.247407829,19,ppo_with_uncertainty_guard,0.2622824
2024-07-01,1336042.014095571,19,ppo_with_uncertainty_guard,0.2842549
2024-07-02,1344745.1397510967,19,ppo_with_uncertainty_guard,0.28610525
2024-07-03,1350567.9601070571,19,ppo_with_uncertainty_guard,0.25939128
2024-07-05,1358142.8780240864,19,ppo_with_uncertainty_guard,0.23371814
2024-07-08,1359668.2536138021,19,ppo_with_uncertainty_guard,0.20446001
2024-07-09,1360957.1278993154,19,ppo_with_uncertainty_guard,0.19775261
2024-07-10,1374094.583586965,19,ppo_with_uncertainty_guard,0.20156889
2024-07-11,1362506.6323993118,19,ppo_with_uncertainty_guard,0.1701135
2024-07-12,1370921.9285065865,19,ppo_with_uncertainty_guard,0.21232384
2024-07-15,1374611.7404954082,19,ppo_with_uncertainty_guard,0.21001096
2024-07-16,1382576.7081738824,19,ppo_with_uncertainty_guard,0.20931709
2024-07-17,1363659.57766509,19,ppo_with_uncertainty_guard,0.19289553
2024-07-18,1353426.9424100213,19,ppo_with_uncertainty_guard,0.26309192
2024-07-19,1344663.2948028296,19,ppo_with_uncertainty_guard,0.33005026
2024-07-22,1358162.8587124757,19,ppo_with_uncertainty_guard,0.38706315
2024-07-23,1356087.7128151488,19,ppo_with_uncertainty_guard,0.3567642
2024-07-24,1326194.5606438462,19,ppo_with_uncertainty_guard,0.34809086
2024-07-25,1319488.0497341594,19,ppo_with_uncertainty_guard,0.44199443
2024-07-26,1333823.354632766,19,ppo_with_uncertainty_guard,0.4870959
2024-07-29,1334580.7373659858,19,ppo_with_uncertainty_guard,0.4380625
2024-07-30,1328033.6585467937,19,ppo_with_uncertainty_guard,0.40221262
2024-07-31,1348928.966581177,19,ppo_with_uncertainty_guard,0.39747116
2024-08-01,1330429.329084831,19,ppo_with_uncertainty_guard,0.31050628
2024-08-02,1306462.1398245075,19,ppo_with_uncertainty_guard,0.33953312
2024-08-05,1269652.4654860655,19,ppo_with_uncertainty_guard,0.42857963
2024-08-06,1280965.7518135393,19,ppo_with_uncertainty_guard,0.5857409
2024-08-07,1272688.3052148828,19,ppo_with_uncertainty_guard,0.57891786
2024-08-08,1301125.1642769817,19,ppo_with_uncertainty_guard,0.5822716
2024-08-09,1306675.2400732327,19,ppo_with_uncertainty_guard,0.44754538
2024-08-12,1307339.2493227983,19,ppo_with_uncertainty_guard,0.35768935
2024-08-13,1328171.660170344,19,ppo_with_uncertainty_guard,0.30726823
2024-08-14,1332239.6721513653,19,ppo_with_uncertainty_guard,0.20943274
2024-08-15,1354396.2550109846,19,ppo_with_uncertainty_guard,0.16456255
2024-08-16,1357346.4534783245,19,ppo_with_uncertainty_guard,0.081760876
2024-08-19,1369991.1624109615,19,ppo_with_uncertainty_guard,0.06233255
2024-08-20,1367820.8459755746,19,ppo_with_uncertainty_guard,0.03619682
2024-08-21,1372392.5987922028,19,ppo_with_uncertainty_guard,0.06314206
2024-08-22,1361883.1796825721,19,ppo_with_uncertainty_guard,0.0844207
2024-08-23,1376024.1917417932,19,ppo_with_uncertainty_guard,0.15519533
2024-08-26,1372818.0057577465,19,ppo_with_uncertainty_guard,0.15403888
2024-08-27,1374661.0981739757,19,ppo_with_uncertainty_guard,0.18433781
2024-08-28,1366830.8684135291,19,ppo_with_uncertainty_guard,0.20353484
2024-08-29,1366948.8238990994,19,ppo_with_uncertainty_guard,0.25071794
2024-08-30,1379747.9893865702,19,ppo_with_uncertainty_guard,0.2754659
2024-09-03,1351851.6898916431,19,ppo_with_uncertainty_guard,0.24724858
2024-09-04,1349133.3972473496,19,ppo_with_uncertainty_guard,0.33722022
2024-09-05,1345907.2846118507,19,ppo_with_uncertainty_guard,0.37804285
2024-09-06,1323665.5251571091,19,ppo_with_uncertainty_guard,0.40059358
2024-09-09,1338193.9400442098,19,ppo_with_uncertainty_guard,0.47772866
2024-09-10,1343908.5902862987,19,ppo_with_uncertainty_guard,0.43898764
2024-09-11,1357427.5141142323,19,ppo_with_uncertainty_guard,0.39168894
2024-09-12,1368641.1831678185,19,ppo_with_uncertainty_guard,0.31501642
2024-09-13,1375649.1535540505,19,ppo_with_uncertainty_guard,0.24296972
2024-09-16,1377636.542379077,19,ppo_with_uncertainty_guard,0.19463019
2024-09-17,1378186.444036335,19,ppo_with_uncertainty_guard,0.17797734
2024-09-18,1374168.6959486275,19,ppo_with_uncertainty_guard,0.1822562
2024-09-19,1397168.541905794,19,ppo_with_uncertainty_guard,0.21070482
2024-09-20,1394797.0820587578,19,ppo_with_uncertainty_guard,0.1566987
2024-09-23,1398211.8843139398,19,ppo_with_uncertainty_guard,0.16086191
2024-09-24,1402131.672808221,19,ppo_with_uncertainty_guard,0.16560335
2024-09-25,1399095.8754538402,19,ppo_with_uncertainty_guard,0.17046043
2024-09-26,1404543.8146303908,19,ppo_with_uncertainty_guard,0.19798389
2024-09-27,1402542.58767692,19,ppo_with_uncertainty_guard,0.20330356
2024-09-30,1408068.840556698,19,ppo_with_uncertainty_guard,0.22469784
2024-10-01,1395652.4886386225,19,ppo_with_uncertainty_guard,0.2245822
2024-10-02,1396231.941491109,19,ppo_with_uncertainty_guard,0.2746564
2024-10-03,1393718.8300988735,19,ppo_with_uncertainty_guard,0.29639763
2024-10-04,1406198.0971113392,19,ppo_with_uncertainty_guard,0.31640416
2024-10-07,1393677.4176922713,19,ppo_with_uncertainty_guard,0.28252023
2024-10-08,1406652.5207703966,19,ppo_with_uncertainty_guard,0.31374434
2024-10-09,1416252.0407381586,19,ppo_with_uncertainty_guard,0.28101686
2024-10-10,1413809.0769651586,19,ppo_with_uncertainty_guard,0.24077247
2024-10-11,1422141.9295997403,19,ppo_with_uncertainty_guard,0.23845957
2024-10-14,1433578.5876082615,19,ppo_with_uncertainty_guard,0.21625577
2024-10-15,1422607.2020633174,19,ppo_with_uncertainty_guard,0.18063718
2024-10-16,1428702.005292841,19,ppo_with_uncertainty_guard,0.21486804
2024-10-17,1428822.706912482,19,ppo_with_uncertainty_guard,0.21752787
2024-10-18,1434247.006072557,19,ppo_with_uncertainty_guard,0.23013315
2024-10-21,1431919.2039402376,19,ppo_with_uncertainty_guard,0.22608559
2024-10-22,1431167.7737731219,19,ppo_with_uncertainty_guard,0.24146634
2024-10-23,1418248.6751842832,19,ppo_with_uncertainty_guard,0.25696275
2024-10-24,1421278.2338270915,19,ppo_with_uncertainty_guard,0.31073758
2024-10-25,1420793.0275987468,19,ppo_with_uncertainty_guard,0.3224177
2024-10-28,1425131.3108669617,19,ppo_with_uncertainty_guard,0.3288938
2024-10-29,1427410.3690975031,19,ppo_with_uncertainty_guard,0.31513208
2024-10-30,1423139.937586892,19,ppo_with_uncertainty_guard,0.30102342
2024-10-31,1395574.5526308867,19,ppo_with_uncertainty_guard,0.30888724
2024-11-01,1401396.5007148304,19,ppo_with_uncertainty_guard,0.40059358
2024-11-04,1398411.9764664138,19,ppo_with_uncertainty_guard,0.40776357
2024-11-05,1415117.9429927233,19,ppo_with_uncertainty_guard,0.41238934
2024-11-06,1449889.3504695653,19,ppo_with_uncertainty_guard,0.34785956
2024-11-07,1460961.1400190322,19,ppo_with_uncertainty_guard,0.20631032
2024-11-08,1467207.3264597266,19,ppo_with_uncertainty_guard,0.12293042
2024-11-11,1468587.239246086,19,ppo_with_uncertainty_guard,0.08488328
2024-11-12,1464082.6069597849,19,ppo_with_uncertainty_guard,0.08719618
2024-11-13,1464784.3152691256,19,ppo_with_uncertainty_guard,0.12535897
2024-11-14,1455480.0517749211,19,ppo_with_uncertainty_guard,0.15935853
2024-11-15,1437068.2780036756,19,ppo_with_uncertainty_guard,0.22065027
2024-11-18,1442887.0654714599,19,ppo_with_uncertainty_guard,0.31455386
2024-11-19,1448103.0410947218,19,ppo_with_uncertainty_guard,0.335023
2024-11-20,1448588.2520548208,19,ppo_with_uncertainty_guard,0.32715914
2024-11-21,1456273.7390739352,19,ppo_with_uncertainty_guard,0.32022044
2024-11-22,1460738.206215145,19,ppo_with_uncertainty_guard,0.2909623
2024-11-25,1465635.44975985,19,ppo_with_uncertainty_guard,0.26632997
2024-11-26,1473202.1365142718,19,ppo_with_uncertainty_guard,0.24412617
2024-11-27,1468786.0542582169,19,ppo_with_uncertainty_guard,0.21764351
2024-11-29,1477812.791977516,19,ppo_with_uncertainty_guard,0.22955492
2024-12-02,1480433.8115311144,19,ppo_with_uncertainty_guard,0.2134803
2024-12-03,1481113.2991656947,19,ppo_with_uncertainty_guard,0.21024224
2024-12-04,1490218.0465980046,19,ppo_with_uncertainty_guard,0.216834
2024-12-05,1487790.4905238342,19,ppo_with_uncertainty_guard,0.20168453
2024-12-06,1490582.1958136417,19,ppo_with_uncertainty_guard,0.21544626
2024-12-09,1482974.4648860141,19,ppo_with_uncertainty_guard,0.22169107
2024-12-10,1478402.3755900324,19,ppo_with_uncertainty_guard,0.25754097
2024-12-11,1489736.6358233946,19,ppo_with_uncertainty_guard,0.29154053
2024-12-12,1482121.8982136506,19,ppo_with_uncertainty_guard,0.273153
2024-12-13,1481829.5728859764,19,ppo_with_uncertainty_guard,0.29420036
2024-12-16,1488110.4915040173,19,ppo_with_uncertainty_guard,0.30368325
2024-12-17,1482019.956823025,19,ppo_with_uncertainty_guard,0.2888807
2024-12-18,1438126.8103783857,19,ppo_with_uncertainty_guard,0.30403018
2024-12-19,1437687.721604551,19,ppo_with_uncertainty_guard,0.44662023
2024-12-20,1454837.4655972794,19,ppo_with_uncertainty_guard,0.48952442
2024-12-23,1463487.1055408316,19,ppo_with_uncertainty_guard,0.43783122
2024-12-24,1479638.828523853,19,ppo_with_uncertainty_guard,0.37653947
2024-12-26,1479736.0359402667,19,ppo_with_uncertainty_guard,0.29130924
2024-12-27,1464269.3974260283,19,ppo_with_uncertainty_guard,0.2558063
2024-12-30,1447669.7759891148,19,ppo_with_uncertainty_guard,0.2911936
2024-12-31,1442439.7848220316,19,ppo_with_uncertainty_guard,0.357805
2025-01-02,1438921.7447758778,19,ppo_with_uncertainty_guard,0.39666167
2025-01-03,1456769.305172957,19,ppo_with_uncertainty_guard,0.41574305
2025-01-06,1465094.2513483458,19,ppo_with_uncertainty_guard,0.35618597
2025-01-07,1448665.2675071429,19,ppo_with_uncertainty_guard,0.30113906
2025-01-08,1450764.7186435247,19,ppo_with_uncertainty_guard,0.3283156
2025-01-10,1428801.1799392065,19,ppo_with_uncertainty_guard,0.32739043
2025-01-13,1430997.9334059344,19,ppo_with_uncertainty_guard,0.39538956
2025-01-14,1432949.7481036554,19,ppo_with_uncertainty_guard,0.40545067
2025-01-15,1458793.8828305164,19,ppo_with_uncertainty_guard,0.3944644
2025-01-16,1456012.0542679264,19,ppo_with_uncertainty_guard,0.29859486
2025-01-17,1470495.321909752,19,ppo_with_uncertainty_guard,0.2692211
2025-01-21,1483839.2446962977,19,ppo_with_uncertainty_guard,0.21197692
2025-01-22,1492114.5253230443,19,ppo_with_uncertainty_guard,0.1566987
2025-01-23,1500199.7012964077,19,ppo_with_uncertainty_guard,0.12420251
2025-01-24,1495851.0146073187,19,ppo_with_uncertainty_guard,0.10512112
2025-01-27,1474829.6007843371,19,ppo_with_uncertainty_guard,0.13229765
2025-01-28,1487414.5947642867,19,ppo_with_uncertainty_guard,0.22677945
2025-01-29,1480787.79736108,19,ppo_with_uncertainty_guard,0.2359154
2025-01-30,1488682.6556431204,19,ppo_with_uncertainty_guard,0.271534
2025-01-31,1480814.389217525,19,ppo_with_uncertainty_guard,0.26552045
2025-02-03,1470921.4969833477,19,ppo_with_uncertainty_guard,0.29315957
2025-02-04,1480710.609597353,19,ppo_with_uncertainty_guard,0.3356012
2025-02-05,1486667.06551923,19,ppo_with_uncertainty_guard,0.32022044
2025-02-06,1491790.1878419416,19,ppo_with_uncertainty_guard,0.2955881
2025-02-07,1478241.99234791,19,ppo_with_uncertainty_guard,0.26991495
2025-02-10,1488194.438175082,19,ppo_with_uncertainty_guard,0.3041458
2025-02-11,1489316.7505270839,19,ppo_with_uncertainty_guard,0.28587395
2025-02-12,1484556.3906587218,19,ppo_with_uncertainty_guard,0.2790509
2025-02-13,1500103.5225493023,19,ppo_with_uncertainty_guard,0.2930439
2025-02-14,1500029.3391781284,19,ppo_with_uncertainty_guard,0.25245258
2025-02-18,1504401.559690875,19,ppo_with_uncertainty_guard,0.24273843
2025-02-19,1507920.7369084675,19,ppo_with_uncertainty_guard,0.23105831
2025-02-20,1501686.2144975364,19,ppo_with_uncertainty_guard,0.22377269
2025-02-21,1476167.0211672226,19,ppo_with_uncertainty_guard,0.24852067
2025-02-24,1469495.1915561808,19,ppo_with_uncertainty_guard,0.34265554
2025-02-25,1462239.8371698442,19,ppo_with_uncertainty_guard,0.39770246
2025-02-26,1462972.7933175543,19,ppo_with_uncertainty_guard,0.43551832
2025-02-27,1439799.1418922853,19,ppo_with_uncertainty_guard,0.4359809
2025-02-28,1462093.2380493334,19,ppo_with_uncertainty_guard,0.49519104
2025-03-03,1436675.9110977591,19,ppo_with_uncertainty_guard,0.42707625
2025-03-04,1419804.4914663532,19,ppo_with_uncertainty_guard,0.46813014
2025-03-05,1434937.2396502297,19,ppo_with_uncertainty_guard,0.516701
2025-03-06,1409684.0474625549,19,ppo_with_uncertainty_guard,0.46558595
2025-03-07,1417511.5003886533,19,ppo_with_uncertainty_guard,0.50999355
2025-03-10,1380102.831175732,19,ppo_with_uncertainty_guard,0.4768035
2025-03-11,1368738.5301696637,19,ppo_with_uncertainty_guard,0.5680472
2025-03-12,1375932.5937172938,19,ppo_with_uncertainty_guard,0.6110671
2025-03-13,1357767.9710407178,19,ppo_with_uncertainty_guard,0.5734826
2025-03-14,1385538.5152188446,19,ppo_with_uncertainty_guard,0.590251
2025-03-17,1396119.1612771398,19,ppo_with_uncertainty_guard,0.47021174
2025-03-18,1381174.651060485,19,ppo_with_uncertainty_guard,0.36925384
2025-03-19,1396060.3146724359,19,ppo_with_uncertainty_guard,0.36543757
2025-03-20,1392061.6730171554,19,ppo_with_uncertainty_guard,0.30391452
2025-03-21,1392516.3793533405,19,ppo_with_uncertainty_guard,0.29258135
2025-03-24,1417229.7321793945,19,ppo_with_uncertainty_guard,0.28506443
2025-03-25,1420606.91853058,19,ppo_with_uncertainty_guard,0.20399742
2025-03-26,1403789.1711815197,19,ppo_with_uncertainty_guard,0.17196381
2025-03-27,1400089.2464025482,19,ppo_with_uncertainty_guard,0.22527607
2025-03-28,1372111.7287518692,19,ppo_with_uncertainty_guard,0.26621434
2025-03-31,1381249.9030746873,19,ppo_with_uncertainty_guard,0.38220605
2025-04-01,1385120.4220223674,19,ppo_with_uncertainty_guard,0.39064813
2025-04-02,1393815.6703630097,19,ppo_with_uncertainty_guard,0.37630817
2025-04-03,1325639.5660425806,19,ppo_with_uncertainty_guard,0.33444476
2025-04-04,1248600.931465078,19,ppo_with_uncertainty_guard,0.54191154
2025-04-07,1246394.2403834413,19,ppo_with_uncertainty_guard,0.8706897
2025-04-08,1227025.7988749857,19,ppo_with_uncertainty_guard,0.95464784
2025-04-09,1354849.1110645935,19,ppo_with_uncertainty_guard,0.99998057
2025-04-10,1295918.3068698787,19,ppo_with_uncertainty_guard,0.49033394
2025-04-11,1318861.9811177459,19,ppo_with_uncertainty_guard,0.46986482
2025-04-14,1331557.3465133344,19,ppo_with_uncertainty_guard,0.34138346
2025-04-15,1327853.743277001,19,ppo_with_uncertainty_guard,0.2423915
2025-04-16,1298534.2477949818,19,ppo_with_uncertainty_guard,0.21694964
2025-04-17,1300374.4565507364,19,ppo_with_uncertainty_guard,0.31536338
2025-04-21,1269641.4180950492,19,ppo_with_uncertainty_guard,0.34658745
2025-04-22,1302440.042962734,19,ppo_with_uncertainty_guard,0.4682458
2025-04-23,1322481.9426726033,19,ppo_with_uncertainty_guard,0.3838251
2025-04-24,1350129.2479464829,19,ppo_with_uncertainty_guard,0.27662235
2025-04-25,1359822.0511796067,19,ppo_with_uncertainty_guard,0.13854247
2025-04-28,1360337.0695208958,19,ppo_with_uncertainty_guard,0.06510802
2025-04-29,1368853.4085645839,19,ppo_with_uncertainty_guard,0.055046923
2025-04-30,1369392.9417638865,19,ppo_with_uncertainty_guard,0.048570815
2025-05-01,1379042.4512225275,19,ppo_with_uncertainty_guard,0.0733188
2025-05-02,1399397.7806552069,19,ppo_with_uncertainty_guard,0.07759766
2025-05-05,1391413.1573087927,19,ppo_with_uncertainty_guard,0.038625363
2025-05-06,1379840.4801452577,19,ppo_with_uncertainty_guard,0.0789854
2025-05-07,1385612.0772216113,19,ppo_with_uncertainty_guard,0.1579708
2025-05-08,1395218.7724994193,19,ppo_with_uncertainty_guard,0.18873231
2025-05-09,1393449.771962284,19,ppo_with_uncertainty_guard,0.18850102
2025-05-12,1439236.4044540995,19,ppo_with_uncertainty_guard,0.20619467
2025-05-13,1448692.0578542773,19,ppo_with_uncertainty_guard,0.07806024
2025-05-14,1450532.6794026194,19,ppo_with_uncertainty_guard,0.023591539
2025-05-15,1457580.7267544172,19,ppo_with_uncertainty_guard,0.022203801
2025-05-16,1466767.5148729254,19,ppo_with_uncertainty_guard,0.029026844
2025-05-19,1468364.2533490958,19,ppo_with_uncertainty_guard,0.03515602
2025-05-20,1463450.8470968464,19,ppo_with_uncertainty_guard,0.06314206
2025-05-21,1438902.575661123,19,ppo_with_uncertainty_guard,0.11830463
2025-05-22,1439467.453030837,19,ppo_with_uncertainty_guard,0.23984732
2025-05-23,1429683.83616563,19,ppo_with_uncertainty_guard,0.29651326
2025-05-27,1459276.5633199876,19,ppo_with_uncertainty_guard,0.35618597
2025-05-28,1450869.4117878913,19,ppo_with_uncertainty_guard,0.28298283
2025-05-29,1456572.4887394132,19,ppo_with_uncertainty_guard,0.2847175
2025-05-30,1454949.3551181974,19,ppo_with_uncertainty_guard,0.26632997
2025-06-02,1463112.7707873534,19,ppo_with_uncertainty_guard,0.2685272
2025-06-03,1471421.7498855996,19,ppo_with_uncertainty_guard,0.24747987
2025-06-04,1471027.875970769,19,ppo_with_uncertainty_guard,0.21949382
2025-06-05,1463947.503094808,19,ppo_with_uncertainty_guard,0.21833739
2025-06-06,1478919.8813006831,19,ppo_with_uncertainty_guard,0.24852067
2025-06-09,1480247.4506194748,19,ppo_with_uncertainty_guard,0.22099721
2025-06-10,1488609.7073888988,19,ppo_with_uncertainty_guard,0.21660271
2025-06-11,1484379.9291531374,19,ppo_with_uncertainty_guard,0.19879341
2025-06-12,1490258.3066200996,19,ppo_with_uncertainty_guard,0.21614014
2025-06-13,1473650.2125925885,19,ppo_with_uncertainty_guard,0.21440546
2025-06-16,1487627.7974637859,19,ppo_with_uncertainty_guard,0.2756972
2025-06-17,1474953.3530756005,19,ppo_with_uncertainty_guard,0.26054773
2025-06-18,1474731.5576594735,19,ppo_with_uncertainty_guard,0.30102342
2025-06-20,1471278.0906305048,19,ppo_with_uncertainty_guard,0.31732932
2025-06-23,1485769.481293599,19,ppo_with_uncertainty_guard,0.3345604
2025-06-24,1502134.2656569765,19,ppo_with_uncertainty_guard,0.29420036
2025-06-25,1502973.529319395,19,ppo_with_uncertainty_guard,0.23013315
2025-06-26,1514698.2816727275,19,ppo_with_uncertainty_guard,0.20908579
2025-06-27,1522203.2750953925,19,ppo_with_uncertainty_guard,0.17300461
2025-06-30,1529461.4402443257,19,ppo_with_uncertainty_guard,0.15056953
2025-07-01,1528967.5262347707,19,ppo_with_uncertainty_guard,0.13599828
2025-07-02,1535879.712987494,19,ppo_with_uncertainty_guard,0.15010695
2025-07-03,1547953.7126906158,19,ppo_with_uncertainty_guard,0.15253548
2025-07-07,1536447.3420315525,19,ppo_with_uncertainty_guard,0.13588265
2025-07-08,1535607.7881218563,19,ppo_with_uncertainty_guard,0.1822562
2025-07-09,1544788.4979665426,19,ppo_with_uncertainty_guard,0.216834
2025-07-10,1549133.0317943983,19,ppo_with_uncertainty_guard,0.21544626
2025-07-11,1543700.5054109362,19,ppo_with_uncertainty_guard,0.21371159
2025-07-14,1546638.9128318625,19,ppo_with_uncertainty_guard,0.23915344
2025-07-15,1540043.7975637298,19,ppo_with_uncertainty_guard,0.24794245
2025-07-16,1545180.915184996,19,ppo_with_uncertainty_guard,0.2780101
2025-07-17,1554616.5807897765,19,ppo_with_uncertainty_guard,0.27870396
2025-07-18,1553480.31894884,19,ppo_with_uncertainty_guard,0.25511244
2025-07-21,1556418.838871145,19,ppo_with_uncertainty_guard,0.25464985
2025-07-22,1556640.8684845087,19,ppo_with_uncertainty_guard,0.25048664
2025-07-23,1569854.9557691247,19,ppo_with_uncertainty_guard,0.25441855
2025-07-24,1570373.370030076,19,ppo_with_uncertainty_guard,0.22342575
2025-07-25,1576992.5072305065,19,ppo_with_uncertainty_guard,0.21868432
2025-07-28,1576597.3092535916,19,ppo_with_uncertainty_guard,0.20631032
2025-07-29,1572448.0500861027,19,ppo_with_uncertainty_guard,0.21359594
2025-07-30,1570472.3674284038,19,ppo_with_uncertainty_guard,0.23822829
2025-07-31,1564595.283603898,19,ppo_with_uncertainty_guard,0.26170418
2025-08-01,1539012.0224352407,19,ppo_with_uncertainty_guard,0.29408473
2025-08-04,1562351.519908413,19,ppo_with_uncertainty_guard,0.38417202
2025-08-05,1554448.1059750905,19,ppo_with_uncertainty_guard,0.34392762
2025-08-06,1566329.5283319317,19,ppo_with_uncertainty_guard,0.3502881
2025-08-07,1565019.8699683452,19,ppo_with_uncertainty_guard,0.3110845
2025-08-08,1577197.919177997,19,ppo_with_uncertainty_guard,0.29871053
2025-08-11,1574085.4070461865,19,ppo_with_uncertainty_guard,0.2574253
2025-08-12,1590811.0234353615,19,ppo_with_uncertainty_guard,0.25476548
2025-08-13,1596246.6780127874,19,ppo_with_uncertainty_guard,0.20954837
2025-08-14,1596394.7000703798,19,ppo_with_uncertainty_guard,0.18699764
2025-08-15,1592663.6051007207,19,ppo_with_uncertainty_guard,0.18919489
2025-08-18,1592317.427096243,19,ppo_with_uncertainty_guard,0.21278644
2025-08-19,1583692.1633324109,19,ppo_with_uncertainty_guard,0.23406507
2025-08-20,1579490.0413137903,19,ppo_with_uncertainty_guard,0.2761598
2025-08-21,1573161.74336038,19,ppo_with_uncertainty_guard,0.30946547
2025-08-22,1597287.0868483523,19,ppo_with_uncertainty_guard,0.3420773
2025-08-25,1590266.1035275655,19,ppo_with_uncertainty_guard,0.28321412
2025-08-26,1596915.819972823,19,ppo_with_uncertainty_guard,0.28321412
2025-08-27,1600549.8430080696,19,ppo_with_uncertainty_guard,0.26390144
2025-08-28,1606211.4626619602,19,ppo_with_uncertainty_guard,0.25071794
2025-08-29,1596642.9285122086,19,ppo_with_uncertainty_guard,0.23452765
2025-09-02,1584823.3135621038,19,ppo_with_uncertainty_guard,0.2622824
2025-09-03,1593402.736409398,19,ppo_with_uncertainty_guard,0.31177837
2025-09-04,1606703.9962954586,19,ppo_with_uncertainty_guard,0.30726823
2025-09-05,1602056.1100604718,19,ppo_with_uncertainty_guard,0.26979932
2025-09-08,1605987.2452798206,19,ppo_with_uncertainty_guard,0.271534
2025-09-09,1609695.7933282035,19,ppo_with_uncertainty_guard,0.26332322
2025-09-10,1614343.4785294456,19,ppo_with_uncertainty_guard,0.25430292
2025-09-11,1627744.030783198,19,ppo_with_uncertainty_guard,0.24308537
2025-09-12,1627199.9472068872,19,ppo_with_uncertainty_guard,0.20769806
2025-09-15,1635853.5268176815,19,ppo_with_uncertainty_guard,0.20561646
2025-09-16,1633603.717479617,19,ppo_with_uncertainty_guard,0.19046699
2025-09-17,1631575.9567724166,19,ppo_with_uncertainty_guard,0.20365049
2025-09-18,1639191.8778054414,19,ppo_with_uncertainty_guard,0.22527607
2025-09-19,1647303.0447167717,19,ppo_with_uncertainty_guard,0.22250059
2025-09-22,1655088.7921167458,19,ppo_with_uncertainty_guard,0.20931709
2025-09-23,1646088.3792575104,19,ppo_with_uncertainty_guard,0.19370504
2025-09-24,1640856.5399223538,19,ppo_with_uncertainty_guard,0.22388834
2025-09-25,1633294.4119837005,19,ppo_with_uncertainty_guard,0.25904435
2025-09-26,1642642.1686513894,19,ppo_with_uncertainty_guard,0.3004452
2025-09-29,1647253.5291672884,19,ppo_with_uncertainty_guard,0.2932752
2025-09-30,1653452.2014296714,19,ppo_with_uncertainty_guard,0.28043863
2025-10-01,1659080.5435500992,19,ppo_with_uncertainty_guard,0.2604321
2025-10-02,1660989.0794849326,19,ppo_with_uncertainty_guard,0.24169762
2025-10-03,1660964.5510490115,19,ppo_with_uncertainty_guard,0.23522152
2025-10-06,1666915.005266033,19,ppo_with_uncertainty_guard,0.23973167
2025-10-07,1660740.6421523234,19,ppo_with_uncertainty_guard,0.23244604
2025-10-08,1670633.5318193194,19,ppo_with_uncertainty_guard,0.25488114
2025-10-09,1665798.5658257415,19,ppo_with_uncertainty_guard,0.2423915
2025-10-10,1620821.5109900327,19,ppo_with_uncertainty_guard,0.25858176
2025-10-13,1645664.983835248,19,ppo_with_uncertainty_guard,0.39388618
2025-10-14,1643656.6594076206,19,ppo_with_uncertainty_guard,0.36960077
2025-10-15,1650946.569785427,19,ppo_with_uncertainty_guard,0.36381853
2025-10-16,1639714.5696547667,19,ppo_with_uncertainty_guard,0.3332883
2025-10-17,1649013.0730918597,19,ppo_with_uncertainty_guard,0.34855342
2025-10-20,1666148.2523043382,19,ppo_with_uncertainty_guard,0.322649
2025-10-21,1666123.2200191456,19,ppo_with_uncertainty_guard,0.2641327
2025-10-22,1657468.6314832896,19,ppo_with_uncertainty_guard,0.24401052
2025-10-23,1667288.5480028025,19,ppo_with_uncertainty_guard,0.26390144
2025-10-24,1680901.8507245397,19,ppo_with_uncertainty_guard,0.2490989
2025-10-27,1700714.826063569,19,ppo_with_uncertainty_guard,0.21371159
2025-10-28,1705228.1162595602,19,ppo_with_uncertainty_guard,0.15635177
2025-10-29,1706046.4355262404,19,ppo_with_uncertainty_guard,0.13669215
2025-10-30,1687298.0971630097,19,ppo_with_uncertainty_guard,0.1435152
2025-10-31,1692828.4805472253,19,ppo_with_uncertainty_guard,0.21394287
2025-11-03,1696002.8982327587,19,ppo_with_uncertainty_guard,0.23788135
2025-11-04,1675913.5220387615,19,ppo_with_uncertainty_guard,0.24979277
2025-11-05,1681717.2403766871,19,ppo_with_uncertainty_guard,0.31559464
2025-11-06,1663684.6587579811,19,ppo_with_uncertainty_guard,0.32565576
2025-11-07,1665321.5235465015,19,ppo_with_uncertainty_guard,0.37862107
2025-11-10,1691292.453000423,19,ppo_with_uncertainty_guard,0.38660055
2025-11-11,1695161.8146888842,19,ppo_with_uncertainty_guard,0.3131661
2025-11-12,1696104.3455303977,19,ppo_with_uncertainty_guard,0.27245915
2025-11-13,1667977.8567472347,19,ppo_with_uncertainty_guard,0.25407162
2025-11-14,1667705.1132734648,19,ppo_with_uncertainty_guard,0.32634962
2025-11-17,1652178.7291198322,19,ppo_with_uncertainty_guard,0.35306358
2025-11-18,1638314.0498763938,19,ppo_with_uncertainty_guard,0.40406293
2025-11-19,1644638.624389049,19,ppo_with_uncertainty_guard,0.4522868
2025-11-20,1619588.6670903899,19,ppo_with_uncertainty_guard,0.4393346
2025-11-21,1635709.8549782077,19,ppo_with_uncertainty_guard,0.49044958
2025-11-24,1659767.4848006184,19,ppo_with_uncertainty_guard,0.44419166
2025-11-25,1675367.1677317373,19,ppo_with_uncertainty_guard,0.34600922
2025-11-26,1686924.5721179186,19,ppo_with_uncertainty_guard,0.25730968
2025-11-28,1696126.0993163919,19,ppo_with_uncertainty_guard,0.19173908
2025-12-01,1688387.6937638882,19,ppo_with_uncertainty_guard,0.14987566
2025-12-02,1691512.9198171266,19,ppo_with_uncertainty_guard,0.16918834
2025-12-03,1697366.3211777634,19,ppo_with_uncertainty_guard,0.18248749
2025-12-04,1698606.2876465686,19,ppo_with_uncertainty_guard,0.18688199
2025-12-05,1701830.6424596226,19,ppo_with_uncertainty_guard,0.19971856
2025-12-08,1696720.9910939615,19,ppo_with_uncertainty_guard,0.20816064
2025-12-09,1695257.3924707042,19,ppo_with_uncertainty_guard,0.23684055
2025-12-10,1706493.4169072306,19,ppo_with_uncertainty_guard,0.26054773
2025-12-11,1710461.8037343598,19,ppo_with_uncertainty_guard,0.24609213
2025-12-12,1692082.2442612164,19,ppo_with_uncertainty_guard,0.23730312
2025-12-15,1689527.4083005188,19,ppo_with_uncertainty_guard,0.2893433
2025-12-16,1684914.0426593828,19,ppo_with_uncertainty_guard,0.31848577
2025-12-17,1666386.582514479,19,ppo_with_uncertainty_guard,0.34300247
2025-12-18,1678961.7596648664,19,ppo_with_uncertainty_guard,0.39966843
2025-12-19,1694168.458772196,19,ppo_with_uncertainty_guard,0.37850544
2025-12-22,1704716.132192919,19,ppo_with_uncertainty_guard,0.32276464
2025-12-23,1712502.3029166402,19,ppo_with_uncertainty_guard,0.26956803
2025-12-24,1718522.4702118894,19,ppo_with_uncertainty_guard,0.22943927
2025-12-26,1718348.2200038307,19,ppo_with_uncertainty_guard,0.20376614
2025-12-29,1712228.7479784512,19,ppo_with_uncertainty_guard,0.20376614
