agent,annualized_return,annualized_volatility,bootstrap_paths,capital_preservation_rate_95pct_hwm,final_portfolio_value,fold_id,max_drawdown,meets_95pct_preservation_goal,seed,sharpe_ratio,ticker,timesteps,var_95,var_95_violation_rate
ppo_with_uncertainty_guard,0.0877436126790311,0.1569950138627656,0,0.9698179216908938,1386908.0291300118,test_legacy,0.17317176261499356,True,7,0.5357201062659536,AAPL,10000,-0.0164047989412075,0.05
ppo_with_uncertainty_guard,0.0003865618585099304,0.012891149496175059,0,0.9873475206737086,1001504.1357118814,test_legacy,0.024381615612823704,True,19,0.029980445389318423,AAPL,10000,-0.0006821395569366117,0.05
ppo_with_uncertainty_guard,0.1323980204057034,0.26573590014818443,0,0.9565712398313357,1621797.048726832,test_legacy,0.33348990167452164,True,42,0.46789858565459674,AAPL,10000,-0.027596463663556302,0.05
ppo_with_uncertainty_guard,0.21247611201901867,0.38237097927391644,0,0.9568186508002416,2115415.794591307,test_legacy,0.4888522082042984,True,7,0.5038681611953699,AMAT,10000,-0.03544170820024961,0.05
ppo_with_uncertainty_guard,-0.00876769212691702,0.05446145345513576,0,0.9528451342534463,966332.854605563,test_legacy,0.07720380563477725,True,19,-0.1616983804946085,AMAT,10000,-0.004715935811899108,0.05
ppo_with_uncertainty_guard,0.18186506911505224,0.36625856317341116,0,0.9560557422112778,1915175.1065203976,test_legacy,0.4958444772386583,True,42,0.4562178256602672,AMAT,10000,-0.03211914165186416,0.05
ppo_with_uncertainty_guard,0.013744135490238875,0.09908458850313773,0,0.9745153894015801,1054519.7384117593,test_legacy,0.18025153845332553,True,7,0.13776632472084377,AMD,10000,-0.008885137153716015,0.05
ppo_with_uncertainty_guard,0.006766882227674864,0.041241077629228004,0,0.9731120307344197,1026573.9700082481,test_legacy,0.07523091945865668,True,19,0.16352782405201216,AMD,10000,-0.001461082244204448,0.05
ppo_with_uncertainty_guard,0.15461112015837924,0.4437507913938818,0,0.8156911235235288,1749063.7527659012,test_legacy,0.62746009517218,False,42,0.32397360440923606,AMD,10000,-0.04346522661725816,0.05
ppo_with_uncertainty_guard,0.01957172772129426,0.08215287763260878,0,0.9864193429717963,1078290.6200029424,test_legacy,0.12015074952871274,True,7,0.23593363307872506,AMZN,10000,-0.0075069355018213095,0.05
ppo_with_uncertainty_guard,0.03791578756084778,0.0715655741095989,0,0.96393478998092,1155720.1387272938,test_legacy,0.07732345946269314,True,19,0.5200065792744765,AMZN,10000,-0.005570151363365028,0.05
ppo_with_uncertainty_guard,0.11551247183103082,0.27579544864993566,0,0.9152552853409441,1529758.1800555766,test_legacy,0.34026303474375397,False,42,0.39635843494923284,AMZN,10000,-0.02603140607674037,0.05
ppo_with_uncertainty_guard,0.611560545072663,0.4301623135242605,0,0.847673574777292,6396745.939487732,test_legacy,0.4112439795646181,False,7,1.1093552389207597,AVGO,10000,-0.03612927281843943,0.05
ppo_with_uncertainty_guard,0.1760139418848582,0.1466556910945379,0,0.9191029382312141,1878565.204279475,test_legacy,0.15401191176201312,False,19,1.1055181564713246,AVGO,10000,-0.012276761835212468,0.05
ppo_with_uncertainty_guard,0.5812293037439036,0.4202845747223777,0,0.8476622450070124,5941127.565181297,test_legacy,0.4114108740253736,False,42,1.090219435491612,AVGO,10000,-0.03500836251292849,0.05
ppo_with_uncertainty_guard,0.2049336212393841,0.25629827371868585,0,0.9767792273129253,2064698.2425772476,test_legacy,0.26922076734430045,True,7,0.727372686304996,AXP,10000,-0.024945619842513533,0.05
ppo_with_uncertainty_guard,0.092085025310983,0.08810254606176837,0,0.9880967212994546,1408559.1575258372,test_legacy,0.10162565686374403,True,19,0.9998414519865384,AXP,10000,-0.007530766966001146,0.05
ppo_with_uncertainty_guard,0.21874273252164358,0.26810832234768184,0,0.9751357236734973,2158253.102043616,test_legacy,0.28757371891779815,True,42,0.7378348474718134,AXP,10000,-0.025712549120259887,0.05
ppo_with_uncertainty_guard,-0.006694037185173727,0.022426986207392644,0,0.9554288192657546,974218.2850892553,test_legacy,0.06290777618555943,True,7,-0.29948273656397556,BA,10000,-0.0011780389663710088,0.05
ppo_with_uncertainty_guard,0.018029877778382192,0.016052678253902615,0,0.9986226647334265,1071963.050898643,test_legacy,0.018130419317653024,True,19,1.1131532193582048,BA,10000,-0.0004023289389442297,0.05
ppo_with_uncertainty_guard,-0.005424077298931767,0.02529977751525538,0,0.9554239439236338,979071.0662832139,test_legacy,0.05806987028864874,True,42,-0.21497449482894065,BA,10000,-0.0015108172829757288,0.05
ppo_with_uncertainty_guard,-0.020460785276640216,0.03019749983323514,0,0.9227517624991348,922751.7624991349,test_legacy,0.09044594792357752,False,7,-0.6845897305328977,BLK,10000,-0.0025913946301537646,0.05
ppo_with_uncertainty_guard,0.120339267375056,0.18864853335741782,0,0.9097510257797797,1555660.9420076283,test_legacy,0.23389108540441872,False,19,0.6023447895108653,BLK,10000,-0.01728039033291315,0.05
ppo_with_uncertainty_guard,-0.007523385251257915,0.04492081450371244,0,0.9710588328342648,971058.8328342647,test_legacy,0.12643616618583942,True,42,-0.1681136475507067,BLK,10000,-0.0035328010640824914,0.05
ppo_with_uncertainty_guard,0.10941652026108042,0.14588535808737274,0,0.9336912916277987,1497504.0316539817,test_legacy,0.19913801084919625,False,7,0.7117513921189852,BRK-B,10000,-0.014013873477659543,0.05
ppo_with_uncertainty_guard,0.1241520747214599,0.15197849147770776,0,0.9291932242851204,1576351.3963013738,test_legacy,0.18429156407802239,False,19,0.7700360540307324,BRK-B,10000,-0.014748442438970865,0.05
ppo_with_uncertainty_guard,0.1239640636193416,0.17347761986033175,0,0.9282141517677265,1575326.3769098711,test_legacy,0.25529314324882557,False,42,0.6736412007977511,BRK-B,10000,-0.016780620773325337,0.05
ppo_with_uncertainty_guard,0.2206734419481919,0.2490924601136472,0,0.972789576231387,2171579.9186175,test_legacy,0.3160012652377422,True,7,0.800516325850255,C,10000,-0.021125683131483886,0.05
ppo_with_uncertainty_guard,0.24212261486552325,0.24536413220723285,0,0.9717836168601426,2323780.7878806265,test_legacy,0.31304004948096276,True,19,0.8836726058268018,C,10000,-0.020760781229709657,0.05
ppo_with_uncertainty_guard,0.08081862893812078,0.11001133557333584,0,0.9818921756117373,1352885.2838520778,test_legacy,0.2273840696971321,True,42,0.7064602135077717,C,10000,-0.010663695657053029,0.05
ppo_with_uncertainty_guard,0.30377028189290406,0.27327926511614326,0,0.9249444126202503,2805460.706716766,test_legacy,0.33924884995309035,False,7,0.9706558951466275,CAT,10000,-0.026052159213149118,0.05
ppo_with_uncertainty_guard,0.31787497270406667,0.27747777821148967,0,0.9248737158983362,2925347.6507161306,test_legacy,0.34039614431111165,False,19,0.9947478103316708,CAT,10000,-0.02645750548147516,0.05
ppo_with_uncertainty_guard,0.302618395171614,0.27097239443878673,0,0.9248740669268027,2795833.858169319,test_legacy,0.3403845545629872,False,42,0.9756574450523623,CAT,10000,-0.02638317613029608,0.05
ppo_with_uncertainty_guard,0.013076102508260896,0.10285963696518309,0,0.9452603686761567,1051819.9086033385,test_legacy,0.21588272973956923,False,7,0.12630151777920678,COPX,10000,-0.010489475430074436,0.05
ppo_with_uncertainty_guard,0.11382873007744597,0.13234628659289066,0,0.9854669344006639,1520798.2962538938,test_legacy,0.1961261001113903,True,19,0.8145544537453728,COPX,10000,-0.013297586170468279,0.05
ppo_with_uncertainty_guard,0.1989194760310332,0.33313022194812847,0,0.9639414337153799,2024909.4852099349,test_legacy,0.39720426794233155,True,42,0.5445937237517705,COPX,10000,-0.03368189388227609,0.05
ppo_with_uncertainty_guard,0.12706616163025578,0.1695674955338869,0,0.8602453159977894,1592302.170624814,test_legacy,0.23189477716313345,False,7,0.7054289912482586,COST,10000,-0.01514830694481164,0.05
ppo_with_uncertainty_guard,0.06536402053068158,0.09993878974411767,0,0.8821041694434789,1279195.0395266246,test_legacy,0.1376365347676668,False,19,0.6335522339619317,COST,10000,-0.009273776262217126,0.05
ppo_with_uncertainty_guard,0.1507463948448498,0.2172680759042085,0,0.8092103799596467,1726406.1650934261,test_legacy,0.2716044458896806,False,42,0.6462554043512775,COST,10000,-0.019492368584916073,0.05
ppo_with_uncertainty_guard,-0.01595925665691356,0.02220156778174073,0,0.9393526090115145,939352.6090115145,test_legacy,0.06416963203873338,False,7,-0.724627291088267,CRM,10000,-0.0009539869512562581,0.05
ppo_with_uncertainty_guard,0.012900193627321093,0.057267226835623825,0,0.9529855427172301,1051109.8344755028,test_legacy,0.08136747185596338,True,19,0.22382189691326113,CRM,10000,-0.00428637746991214,0.05
ppo_with_uncertainty_guard,0.051874600722546425,0.30964828486871027,0,0.7292928198641819,1217349.9238864782,test_legacy,0.38362950778230476,False,42,0.16332685475897746,CRM,10000,-0.029223348505499923,0.05
ppo_with_uncertainty_guard,-0.008457005765053417,0.024625506952041472,0,0.9631743435775728,967511.2624837203,test_legacy,0.0625997082093468,True,7,-0.3448828246097793,DIA,10000,-0.0023606843145095977,0.05
ppo_with_uncertainty_guard,0.03156836833320052,0.03301375584361146,0,0.9983778555618992,1128475.8953193142,test_legacy,0.03515760504413501,True,19,0.9414312788247837,DIA,10000,-0.0031119974416919938,0.05
ppo_with_uncertainty_guard,0.10620265824910813,0.14341013138860012,0,0.9949899786151017,1480704.066394346,test_legacy,0.16501705481846551,True,42,0.7038066900717402,DIA,10000,-0.013723431958233067,0.05
ppo_with_uncertainty_guard,-0.011833626833575353,0.010548877824859517,0,0.9515546817464716,954761.1094047322,test_legacy,0.0504747947875086,True,7,-1.1284633851503256,EEMX,10000,-0.0007898008247256172,0.05
ppo_with_uncertainty_guard,0.0911071290227377,0.15507291307858048,0,0.9878889996205319,1403660.5211472178,test_legacy,0.17639780425406237,True,19,0.5622697379130889,EEMX,10000,-0.01552960914230157,0.05
ppo_with_uncertainty_guard,0.004228176236735038,0.0539544351320131,0,0.9885247386587087,1016543.5980320818,test_legacy,0.10798756288513411,True,42,0.0782002478962403,EEMX,10000,-0.0056264672999422945,0.05
ppo_with_uncertainty_guard,0.24331096785455425,0.1562594931372173,0,0.9564717502519855,2332438.4730960103,test_legacy,0.17812455240985103,True,7,1.393692830373974,GLD,10000,-0.01492332017179505,0.05
ppo_with_uncertainty_guard,0.24174257426765627,0.1556234423283188,0,0.9564789366121623,2321017.0663839015,test_legacy,0.17679866364644603,True,19,1.3912780159295572,GLD,10000,-0.014753663030530982,0.05
ppo_with_uncertainty_guard,0.23598516294699087,0.1490283452969929,0,0.9564763871632337,2279446.1372143435,test_legacy,0.15717236468330498,True,42,1.4216633001660048,GLD,10000,-0.013894087140530953,0.05
ppo_with_uncertainty_guard,0.1563194335637215,0.18714211705874773,0,0.9782598619894332,1759149.1035359693,test_legacy,0.22792886498167775,True,7,0.7761050145798495,GOOGL,10000,-0.01753469494415665,0.05
ppo_with_uncertainty_guard,0.005602976187405907,0.028840448573109006,0,0.987495112799191,1021966.3200424394,test_legacy,0.046715799093075105,True,19,0.19373163128806084,GOOGL,10000,-0.0013344863231038672,0.05
ppo_with_uncertainty_guard,0.25352480902931634,0.28638210433452077,0,0.9700875294525191,2407842.4981165226,test_legacy,0.3332767208215638,True,42,0.7890133550762043,GOOGL,10000,-0.026366790307153387,0.05
ppo_with_uncertainty_guard,0.29658849915956575,0.25817633630627906,0,0.9793106520717105,2745839.1086742394,test_legacy,0.30879863944333286,True,7,1.0060427215458132,GS,10000,-0.022084656236687917,0.05
ppo_with_uncertainty_guard,0.3042184774201833,0.26007738926221935,0,0.9793091104038865,2809213.1298974375,test_legacy,0.3089527683543878,True,19,1.0212492217781017,GS,10000,-0.022572658266927892,0.05
ppo_with_uncertainty_guard,0.2978792507204799,0.2638464586032583,0,0.9793091317667921,2756484.5960122775,test_legacy,0.30894529824752026,True,42,0.9881937824143856,GS,10000,-0.02272144785765304,0.05
ppo_with_uncertainty_guard,0.3069368530410894,0.23230826943181035,0,0.9861307732807113,2832052.104281734,test_legacy,0.25949797983098266,True,7,1.1522875908829253,HSBC,10000,-0.022849403560070324,0.05
ppo_with_uncertainty_guard,0.3002922887961144,0.19464919810000095,0,0.9860064572201528,2776468.351252387,test_legacy,0.21706063226635797,True,19,1.3490364468030906,HSBC,10000,-0.017432862544588888,0.05
ppo_with_uncertainty_guard,0.30095884880346574,0.23670374104647032,0,0.9859947141657424,2782007.4370074086,test_legacy,0.2816775840089979,True,42,1.1115219006799328,HSBC,10000,-0.02315833989983771,0.05
ppo_with_uncertainty_guard,0.24511591681707628,0.15491620061347494,0,0.956293433378676,2345634.143505715,test_legacy,0.17202911412737087,True,7,1.4151419021689846,IAU,10000,-0.01463984817756856,0.05
ppo_with_uncertainty_guard,0.24338841350554,0.15535361446106546,0,0.9562996482791615,2333003.529857774,test_legacy,0.17600029273226103,True,19,1.4022204927325548,IAU,10000,-0.014665874633114306,0.05
ppo_with_uncertainty_guard,0.2356082811870301,0.14766626793875492,0,0.9563114427894753,2276744.3232469345,test_legacy,0.1553170964721562,True,42,1.4327114764637419,IAU,10000,-0.013911614023237462,0.05
ppo_with_uncertainty_guard,-0.010132096738226395,0.012592881059049122,0,0.960374179280928,961170.3979421845,test_legacy,0.04240604321012231,True,7,-0.8086828885898718,IBB,10000,-0.00047413000442206863,0.05
ppo_with_uncertainty_guard,0.06370879425252952,0.13640751728071823,0,0.9835437300320873,1271483.3973892443,test_legacy,0.215099620504418,True,19,0.45277264188308014,IBB,10000,-0.012949721660538493,0.05
ppo_with_uncertainty_guard,0.04580451717028682,0.14512339605349792,0,0.9854215946736022,1190257.386437811,test_legacy,0.17866225912653533,True,42,0.30860918593844444,IBB,10000,-0.014567232199070634,0.05
ppo_with_uncertainty_guard,0.20522436371737618,0.17177180716136287,0,0.9784184784094896,2066636.3544916294,test_legacy,0.14242464972701074,True,7,1.0867066845393991,IBM,10000,-0.014112051915227398,0.05
ppo_with_uncertainty_guard,0.2371675962520642,0.19505178199375958,0,0.9717605434715064,2287938.3007115303,test_legacy,0.18881526460765707,True,19,1.0911174197161289,IBM,10000,-0.015307513119039929,0.05
ppo_with_uncertainty_guard,0.28156162174886823,0.22959998343357527,0,0.970664702858354,2624139.500213861,test_legacy,0.19819050154304263,True,42,1.0804843104749535,IBM,10000,-0.019529030580409668,0.05
ppo_with_uncertainty_guard,0.055569321379129274,0.20054221038623626,0,0.9813722548952094,1234063.1903516063,test_legacy,0.27626001588111204,True,7,0.2696700090162519,IJR,10000,-0.018877043596079446,0.05
ppo_with_uncertainty_guard,-0.0015748376206594509,0.01158212324505358,0,0.9830420949026227,993889.5491680014,test_legacy,0.017230008798983176,True,19,-0.13607672324270725,IJR,10000,-0.0005909844394420105,0.05
ppo_with_uncertainty_guard,0.055693701469746476,0.20886386401725052,0,0.9811823060711791,1234628.7793584142,test_legacy,0.2802408403832354,True,42,0.2594898205381937,IJR,10000,-0.02022930365922786,0.05
ppo_with_uncertainty_guard,0.0005677432448817034,0.03742354100888016,0,0.9632528317743467,1002209.7016766593,test_legacy,0.08026375396971763,True,7,0.015166382356419067,JNJ,10000,-0.0037145873326587696,0.05
ppo_with_uncertainty_guard,0.07655010124888485,0.15394557603666234,0,0.9705891041010388,1332225.1369902657,test_legacy,0.15924469747515502,True,19,0.4791401185361116,JNJ,10000,-0.014285369376136713,0.05
ppo_with_uncertainty_guard,0.05849635719787896,0.11606311501976915,0,0.9775350643947778,1247424.3228598756,test_legacy,0.13059813128841213,True,42,0.48981360138310565,JNJ,10000,-0.011059563185244325,0.05
ppo_with_uncertainty_guard,0.19779911406763245,0.18993739608036447,0,0.984196354750314,2017560.7393359314,test_legacy,0.23021125948469834,True,7,0.9502375735059622,JPM,10000,-0.016531222600782592,0.05
ppo_with_uncertainty_guard,0.26670932032940636,0.22033684692720057,0,0.9835344733821229,2507837.0397788347,test_legacy,0.24419623936596246,True,19,1.0730038321079378,JPM,10000,-0.019158892021626437,0.05
ppo_with_uncertainty_guard,0.259577742913753,0.23105552122407003,0,0.9835343318263399,2453374.2519268114,test_legacy,0.2770390155232315,True,42,0.9987918936065733,JPM,10000,-0.021521290609573994,0.05
ppo_with_uncertainty_guard,0.2822792827970597,0.19311559980259652,0,0.9792353166062473,2629858.809811191,test_legacy,0.18765927435281116,True,7,1.287513696128854,LLY,10000,-0.018170097918149608,0.05
ppo_with_uncertainty_guard,0.40170578116658473,0.286487256506769,0,0.9724253726863451,3718195.757410167,test_legacy,0.33020227836877236,True,19,1.1787251100646714,LLY,10000,-0.02549607255203572,0.05
ppo_with_uncertainty_guard,0.4475540222665632,0.31541222842080957,0,0.9718823284005876,4213963.919578322,test_legacy,0.34470826692666434,True,42,1.1726719238084993,LLY,10000,-0.028085985424731418,0.05
ppo_with_uncertainty_guard,-0.018590403906244033,0.021557979741280108,0,0.9246854917582955,929622.7059227172,test_legacy,0.08053421103216185,False,7,-0.8704544421647475,MA,10000,-0.0014749039337108804,0.05
ppo_with_uncertainty_guard,0.1294561229160527,0.18375041362492764,0,0.966112788746563,1605473.2826941325,test_legacy,0.167253626245636,True,19,0.662507921116642,MA,10000,-0.018437212051961804,0.05
ppo_with_uncertainty_guard,0.11221439709247966,0.19801276662082598,0,0.9662382876642804,1512244.428449443,test_legacy,0.22702640447227784,True,42,0.5371012028050446,MA,10000,-0.01989740636327637,0.05
ppo_with_uncertainty_guard,-0.0027601446227512325,0.004877248026892581,0,0.9834932705429793,989308.8246256051,test_legacy,0.017189767163718228,True,7,-0.5666865559870568,MCD,10000,-4.617696447510866e-05,0.05
ppo_with_uncertainty_guard,0.039212311349136934,0.11841246704429836,0,0.971811533472967,1161344.5894111476,test_legacy,0.12428302791070867,True,19,0.3248220618064772,MCD,10000,-0.01113727570881844,0.05
ppo_with_uncertainty_guard,-0.0019521619085118474,0.00491431559851697,0,0.9865957405665914,992429.6400540638,test_legacy,0.017846687316502075,True,42,-0.39761523276809985,MCD,10000,-9.762071883896439e-05,0.05
ppo_with_uncertainty_guard,0.35652962152286305,0.31887354813831537,0,0.8411007647708758,3273427.7641700376,test_legacy,0.3270626616041499,False,7,0.9562710346605017,META,10000,-0.025031020289875094,0.05
ppo_with_uncertainty_guard,0.3244339777462416,0.3011074956313549,0,0.8361789222038177,2982375.559354081,test_legacy,0.3342277284274364,False,19,0.9331718323244812,META,10000,-0.023209571631929826,0.05
ppo_with_uncertainty_guard,0.26896392676859404,0.3219668006940292,0,0.8358476338153523,2525240.475437921,test_legacy,0.3809019186538607,False,42,0.7398298329769138,META,10000,-0.02603488224436896,0.05
ppo_with_uncertainty_guard,0.12078286481483279,0.19507765748713807,0,0.9172881196546636,1558057.7228864054,test_legacy,0.20512059469668842,False,7,0.5845227805699703,MSFT,10000,-0.020435775352649354,0.05
ppo_with_uncertainty_guard,0.023161784630188333,0.04694975495830645,0,0.9833846943241553,1093131.2743979238,test_legacy,0.055078322756189624,True,19,0.487703169249219,MSFT,10000,-0.004049402730451845,0.05
ppo_with_uncertainty_guard,0.11502197992429848,0.20291119294693738,0,0.9020466686979444,1527144.033733642,test_legacy,0.2275453374092521,False,42,0.5365600137523462,MSFT,10000,-0.02072093040443432,0.05
ppo_with_uncertainty_guard,0.18964821664642734,0.29350494845249864,0,0.70574084681484,1964691.6158351146,test_legacy,0.3463380688830413,False,7,0.5916682296091381,NFLX,10000,-0.024458031356145594,0.05
ppo_with_uncertainty_guard,0.3156625354746308,0.30363350731268296,0,0.7030686539993635,2906295.391820704,test_legacy,0.30768461328943464,False,19,0.9035242091911762,NFLX,10000,-0.02632416351888631,0.05
ppo_with_uncertainty_guard,0.21823474782180066,0.3433158066646035,0,0.7030685959035486,2154756.83158784,test_legacy,0.43895402969031627,False,42,0.5749889396593737,NFLX,10000,-0.027910037551006718,0.05
ppo_with_uncertainty_guard,0.649307517317735,0.44022699062588555,0,0.9199089304244964,6999417.95521424,test_legacy,0.4634465487516837,False,7,1.1365848609299198,NVDA,10000,-0.04070250488433382,0.05
ppo_with_uncertainty_guard,0.27755351667164035,0.20602587372869727,0,0.9371793599295869,2592367.1342448248,test_legacy,0.22939273524541404,False,19,1.1889125417631417,NVDA,10000,-0.019408371232210175,0.05
ppo_with_uncertainty_guard,0.6044395934626556,0.4413994972738445,0,0.9092012976419326,6287525.725865227,test_legacy,0.414971694507444,False,42,1.071080428387371,NVDA,10000,-0.04007584584949644,0.05
ppo_with_uncertainty_guard,0.1811554201624559,0.28934481953096075,0,0.6618055000801109,1910706.9024335672,test_legacy,0.3803904525854629,False,7,0.5754139229403152,ORCL,10000,-0.02333233807989927,0.05
ppo_with_uncertainty_guard,0.0671834644186041,0.14670985783187368,0,0.7925321834549338,1287711.7936375628,test_legacy,0.23009144546796323,False,19,0.4432069685214649,ORCL,10000,-0.01140030968538701,0.05
ppo_with_uncertainty_guard,0.19216198834899695,0.33168466506272504,0,0.617176321727333,1980885.5541595358,test_legacy,0.4314303123116462,False,42,0.5299261318566804,ORCL,10000,-0.0263039403646113,0.05
ppo_with_uncertainty_guard,0.18280158341608427,0.2156442020489588,0,0.7931995138689386,1921083.6112759064,test_legacy,0.28748234892757174,False,7,0.7785311291172372,PGR,10000,-0.018310079492203445,0.05
ppo_with_uncertainty_guard,0.20172231291838888,0.23713077577452324,0,0.7855670119758803,2043381.1133767855,test_legacy,0.2997242972457044,False,19,0.7749127667770823,PGR,10000,-0.020685118568310835,0.05
ppo_with_uncertainty_guard,0.2154387991480923,0.25037309092164944,0,0.785566912917354,2135588.603433501,test_legacy,0.299724397791179,False,42,0.7792572226262359,PGR,10000,-0.021686076514042706,0.05
ppo_with_uncertainty_guard,0.06516269963055421,0.13339360263293484,0,0.9673687379923516,1278255.2413582886,test_legacy,0.18240124201591057,True,7,0.4732421999898686,PLTR,10000,-0.01154655152790296,0.05
ppo_with_uncertainty_guard,0.39772627931538945,0.2988235158634692,0,0.8988873756303308,3677312.245604378,test_legacy,0.27786264914002945,False,19,1.1205498714213153,PLTR,10000,-0.025095757605012547,0.05
ppo_with_uncertainty_guard,0.9913323167530401,0.5844845628702535,0,0.8889862709079017,14565881.54597585,test_legacy,0.4311705021901103,False,42,1.1784806260114329,PLTR,10000,-0.049395459099392976,0.05
ppo_with_uncertainty_guard,0.20045712491047843,0.2635082872123422,0,0.8758020754731148,2035027.673652991,test_legacy,0.2347250449184023,False,7,0.6933456004314771,PPLT,10000,-0.02307373214990509,0.05
ppo_with_uncertainty_guard,0.20278366658969801,0.2653419908164375,0,0.8757909619687038,2050408.3553171838,test_legacy,0.23920718168727562,False,19,0.6958509714923872,PPLT,10000,-0.0231754715463806,0.05
ppo_with_uncertainty_guard,0.00024966318638408705,0.020251269699259233,0,0.963530472357828,1000971.2625814303,test_legacy,0.04962138526303139,True,42,0.012326637916097408,PPLT,10000,-0.0006285742793900262,0.05
ppo_with_uncertainty_guard,-0.018997862303107182,0.03620520816281109,0,0.9021181863526164,928122.659245102,test_legacy,0.10500650909726239,False,7,-0.529773399843094,QCOM,10000,-0.002241374656302231,0.05
ppo_with_uncertainty_guard,0.03135786929725116,0.12502072976601541,0,0.9504274731386614,1127580.6503157911,test_legacy,0.2161972766556245,True,19,0.24696875933998455,QCOM,10000,-0.011506492075448894,0.05
ppo_with_uncertainty_guard,-0.009801160766442423,0.037861494425226544,0,0.9341884246952961,962420.6638099696,test_legacy,0.07934227005140282,False,42,-0.2601446974788542,QCOM,10000,-0.0013883476709538377,0.05
ppo_with_uncertainty_guard,0.15311372009585608,0.19269606978453857,0,0.9796831854782111,1740258.9499910576,test_legacy,0.22570763419257323,True,7,0.7393287728323121,QQQ,10000,-0.01930102820148214,0.05
ppo_with_uncertainty_guard,0.15065666623401253,0.13586874411478195,0,0.9789700401885238,1725882.7202575356,test_legacy,0.18929843602371565,True,19,1.032854395460224,QQQ,10000,-0.013336541164451887,0.05
ppo_with_uncertainty_guard,0.16316237251312515,0.20666053662974218,0,0.9778230233015944,1799981.3564251552,test_legacy,0.24396251268028568,True,42,0.731355707226509,QQQ,10000,-0.020967643873072817,0.05
ppo_with_uncertainty_guard,0.028281613943028416,0.06589122682415927,0,0.9522108877543195,1114557.5458280277,test_legacy,0.12990913034127105,True,7,0.42325825752045504,REGN,10000,-0.0059940993464060455,0.05
ppo_with_uncertainty_guard,0.04954857432080448,0.2873483586184883,0,0.6578021995176998,1206914.6424547588,test_legacy,0.592580049281954,False,19,0.16829786681620096,REGN,10000,-0.023803741641029674,0.05
ppo_with_uncertainty_guard,0.04836116816157876,0.28817977987513516,0,0.6613385302788624,1201613.260938188,test_legacy,0.5831391562474975,False,42,0.16388424837417528,REGN,10000,-0.02468530022451567,0.05
ppo_with_uncertainty_guard,0.1592366369644294,0.16376823344274002,0,1.0,1776471.1545326423,test_legacy,0.23767210873950506,True,7,0.9022602892887804,RY,10000,-0.015961192594431937,0.05
ppo_with_uncertainty_guard,0.16864454705572643,0.15008788817609794,0,1.0,1833198.4320530745,test_legacy,0.20108787098205305,True,19,1.038354310212325,RY,10000,-0.014223476580919846,0.05
ppo_with_uncertainty_guard,0.15621620324837754,0.17896463409086366,0,1.0,1758538.4405292226,test_legacy,0.2525070983314356,True,42,0.8110689119023619,RY,10000,-0.017590457986939523,0.05
ppo_with_uncertainty_guard,0.9023780640785104,0.6751326959434627,0,0.9568950968901063,12194228.735460388,test_legacy,0.5468002769075815,True,7,0.952560243165456,RYTM,10000,-0.0592738413460582,0.05
ppo_with_uncertainty_guard,0.7299528948203048,0.581897167856751,0,0.9569033767862419,8427307.833433867,test_legacy,0.5065318855135474,True,19,0.9419087434413628,RYTM,10000,-0.05225527212663197,0.05
ppo_with_uncertainty_guard,0.8718971128825386,0.6725376518748456,0,0.956895105650859,11451815.569068646,test_legacy,0.5701117449470248,True,42,0.9322188367373138,RYTM,10000,-0.05921226834597837,0.05
ppo_with_uncertainty_guard,0.21816338561841145,0.2328278883081465,0,0.804056781329494,2154266.00924727,test_legacy,0.258096081402045,False,7,0.8475967793954698,SAP,10000,-0.022467673816413302,0.05
ppo_with_uncertainty_guard,0.23615258086929866,0.2374504367931063,0,0.7887968689598417,2280647.097180134,test_legacy,0.24998916616184053,False,19,0.8928332996649508,SAP,10000,-0.021988882179037005,0.05
ppo_with_uncertainty_guard,0.197305929391021,0.22289940320763615,0,0.788779547251942,2014332.1007088332,test_legacy,0.250009240321147,False,42,0.8078704706851866,SAP,10000,-0.0200197333338167,0.05
ppo_with_uncertainty_guard,0.10445854452242427,0.135009503967953,0,0.9971626354130074,1471645.8081868407,test_legacy,0.1541827452116833,True,7,0.7359118445629815,SCHB,10000,-0.013654834716826336,0.05
ppo_with_uncertainty_guard,0.1397978284206377,0.13668138173672292,0,0.996614022186861,1663401.5354161467,test_legacy,0.19338206510509715,True,19,0.9573414429429938,SCHB,10000,-0.013562483567947758,0.05
ppo_with_uncertainty_guard,0.12651516063103208,0.16582134295299322,0,0.996614011385476,1589277.0179220221,test_legacy,0.19610225221106026,True,42,0.7184167176869211,SCHB,10000,-0.016320669323152792,0.05
ppo_with_uncertainty_guard,-0.008623826269422393,0.018937961981329722,0,0.9632997790955007,966878.3933707152,test_legacy,0.043696733407535215,True,7,-0.45734351166103226,SCHD,10000,-0.0017652784454215364,0.05
ppo_with_uncertainty_guard,0.0485606247639046,0.11540518327677932,0,0.9814724542504387,1202502.5584681074,test_legacy,0.16018712020323644,True,19,0.4108855736537372,SCHD,10000,-0.010592797528872122,0.05
ppo_with_uncertainty_guard,0.05151167461081589,0.1462865948312631,0,0.9810626167164609,1215717.3277388534,test_legacy,0.16124843705314684,True,42,0.34335862740006123,SCHD,10000,-0.014385783809261098,0.05
ppo_with_uncertainty_guard,-0.005113017388133235,0.008359921065116934,0,0.9742736737252667,980262.4236205119,test_legacy,0.027097200936647692,True,7,-0.6131680206329867,SCHF,10000,-0.00027417702249099557,0.05
ppo_with_uncertainty_guard,0.11682279293942086,0.14148630424540815,0,0.9983478310756613,1536758.024869155,test_legacy,0.1753526771794056,True,19,0.7809076545772692,SCHF,10000,-0.013511159795455628,0.05
ppo_with_uncertainty_guard,0.10602887449520942,0.1488721337354965,0,0.998347831108922,1479799.6472884128,test_legacy,0.2189807164732298,True,42,0.6769292540519761,SCHF,10000,-0.013884149569811566,0.05
ppo_with_uncertainty_guard,0.1584187209790405,0.1906458640134074,0,0.9803650219235619,1771601.729844014,test_legacy,0.21996193855336454,True,7,0.7713557380170478,SCHG,10000,-0.01905670769325214,0.05
ppo_with_uncertainty_guard,0.1316716424976551,0.12119009404373673,0,0.9795020034612202,1617755.171188169,test_legacy,0.18447813938699908,True,19,1.0206750657874992,SCHG,10000,-0.011665921061291407,0.05
ppo_with_uncertainty_guard,0.1700388699512597,0.2127243390587725,0,0.9783925314251105,1841718.9168667214,test_legacy,0.25272733223355337,True,42,0.7382176103815966,SCHG,10000,-0.021606535735875277,0.05
ppo_with_uncertainty_guard,0.11272643038445176,0.14301192938352691,0,0.9971113152558027,1514953.6592290523,test_legacy,0.16437312712756214,True,7,0.7468826494025632,SCHK,10000,-0.014200994201426642,0.05
ppo_with_uncertainty_guard,0.14463622101459067,0.13459324427214195,0,0.9966888247748091,1691030.0657758622,test_legacy,0.1918453156252835,True,19,1.0036663951785942,SCHK,10000,-0.01247579439011277,0.05
ppo_with_uncertainty_guard,0.12953132922377997,0.16946375948343081,0,0.9966887110130348,1605889.0547444695,test_legacy,0.20352013650160394,True,42,0.7187535557092712,SCHK,10000,-0.016394074468038512,0.05
ppo_with_uncertainty_guard,0.013147705669328356,0.05236651955783528,0,0.9989975211319935,1052109.0440809971,test_legacy,0.10059263006519958,True,7,0.24943389953559345,SCHV,10000,-0.005531927579976337,0.05
ppo_with_uncertainty_guard,0.08524494136610353,0.11679637882857274,0,0.997662767210224,1374559.521686545,test_legacy,0.15260427088287742,True,19,0.7004121494076889,SCHV,10000,-0.011244167512925517,0.05
ppo_with_uncertainty_guard,0.08599776229030037,0.14053117013193084,0,0.9976627282622981,1378271.352126477,test_legacy,0.1646564514117882,True,42,0.5870517390158144,SCHV,10000,-0.01382847811410457,0.05
ppo_with_uncertainty_guard,0.03489113236435256,0.2430547698930851,0,0.9944786308701596,1142677.5625042769,test_legacy,0.40698173478310673,True,7,0.14110487392972285,SCHW,10000,-0.021555316178134463,0.05
ppo_with_uncertainty_guard,0.05026945995061835,0.16793213309916594,0,0.9946054112265942,1210141.6260807267,test_legacy,0.30393466417588266,True,19,0.2920627071287375,SCHW,10000,-0.014537487881574405,0.05
ppo_with_uncertainty_guard,0.053826023649301016,0.18278148793291796,0,0.9943092856604631,1226156.193684325,test_legacy,0.2788136033742773,True,42,0.2868306227474549,SCHW,10000,-0.016287653028328908,0.05
ppo_with_uncertainty_guard,0.32496755042988595,0.26420674993108056,0,0.9292287796537156,2987050.7987740114,test_legacy,0.24273843841591491,False,7,1.0650288075608154,SLV,10000,-0.023613252877051228,0.05
ppo_with_uncertainty_guard,0.32378755022360584,0.26325380190666026,0,0.9294463230070356,2976718.75446901,test_legacy,0.24962115628857695,False,19,1.0654995783882133,SLV,10000,-0.023987699164650156,0.05
ppo_with_uncertainty_guard,0.33415103542833735,0.2721165648651484,0,0.9281535739839045,3068374.211459725,test_legacy,0.24259548056003766,False,42,1.0594540358304283,SLV,10000,-0.024445811750056112,0.05
ppo_with_uncertainty_guard,0.00413550261530274,0.0074450976692807406,0,0.9994200438583687,1016178.829483398,test_legacy,0.007008032367900263,True,7,0.5543093074899552,SNY,10000,-7.581960770517426e-05,0.05
ppo_with_uncertainty_guard,0.026940176354314307,0.24136656549653646,0,0.8531766630148846,1108913.7931290597,test_legacy,0.2652760658504223,False,19,0.11013812471939684,SNY,10000,-0.021083477103882677,0.05
ppo_with_uncertainty_guard,-0.0012626745271172295,0.008974883680558106,0,0.9788190252080828,995098.5478427111,test_legacy,0.021180974791917162,True,42,-0.14077620053049827,SNY,10000,-0.0004229984651709095,0.05
ppo_with_uncertainty_guard,0.46193246789814585,0.36897530339165985,0,0.7490578420551166,4379091.187867108,test_legacy,0.36892925038301283,False,7,1.029226080437436,SPOT,10000,-0.033406477511492574,0.05
ppo_with_uncertainty_guard,0.43750764949896115,0.3274416817353413,0,0.7490677054225503,4101364.964052669,test_legacy,0.28188904546174887,False,19,1.1083214488818287,SPOT,10000,-0.026747081367184667,0.05
ppo_with_uncertainty_guard,0.3509577924270186,0.3266453847846102,0,0.7494763886553765,3221449.809543413,test_legacy,0.29959550056276585,False,42,0.9209181717669221,SPOT,10000,-0.02764241682525732,0.05
ppo_with_uncertainty_guard,0.11341222993197837,0.14111205033101917,0,0.9968357932843466,1518587.9550961375,test_legacy,0.1612696900994316,True,7,0.7613046505430957,SPY,10000,-0.013781452926254278,0.05
ppo_with_uncertainty_guard,0.14560691599864017,0.13309425652996093,0,0.9963376372007693,1696613.7919129045,test_legacy,0.18634213193145466,True,19,1.021339279601619,SPY,10000,-0.011962939542878548,0.05
ppo_with_uncertainty_guard,0.13145225501686567,0.16355433254539867,0,0.9963356317876896,1616535.8780627686,test_legacy,0.19000612656798987,True,42,0.7551121833578922,SPY,10000,-0.015775119644800738,0.05
ppo_with_uncertainty_guard,0.14525056665689343,0.18708714026583728,0,0.9864096497076531,1694562.375972548,test_legacy,0.2102544793129868,True,7,0.7249206615864209,SPYG,10000,-0.018621043264610736,0.05
ppo_with_uncertainty_guard,0.13390622344029496,0.12873357575866626,0,0.9858508384924376,1630213.2893806875,test_legacy,0.19203434658054241,True,19,0.9761893958224651,SPYG,10000,-0.011645846595645094,0.05
ppo_with_uncertainty_guard,0.14942830808403065,0.20080608030212815,0,0.9854930364119562,1718728.763221051,test_legacy,0.23528465211114624,True,42,0.6935277311300164,SPYG,10000,-0.0203151962123961,0.05
ppo_with_uncertainty_guard,0.031716508249454406,0.06125261456350806,0,0.9990244503491957,1129106.2456501697,test_legacy,0.08329684088935341,True,7,0.5097553355842912,SPYV,10000,-0.005990324118424706,0.05
ppo_with_uncertainty_guard,0.10227983067129215,0.11779146299604346,0,0.998082936052487,1460388.3094105113,test_legacy,0.17499228654784327,True,19,0.8267193106380577,SPYV,10000,-0.011061211077511767,0.05
ppo_with_uncertainty_guard,0.10697602318388415,0.1393383677929176,0,0.9980825891333578,1484733.8536640878,test_legacy,0.17535621555240188,True,42,0.7293890408005923,SPYV,10000,-0.014363581201062913,0.05
ppo_with_uncertainty_guard,0.11527212484903047,0.14352785394713047,0,0.9965446486920531,1528476.801655452,test_legacy,0.17325857866048666,True,7,0.7601194446219871,SPYX,10000,-0.014239199910119548,0.05
ppo_with_uncertainty_guard,0.1451178217710736,0.12525080974399128,0,0.9961066936170767,1693798.6674003946,test_legacy,0.17992959325287228,True,19,1.081888103996417,SPYX,10000,-0.011473562847109875,0.05
ppo_with_uncertainty_guard,0.13134832029828747,0.16692532277554128,0,0.9960468056136637,1615958.4768793017,test_legacy,0.20699393565359758,True,42,0.7393126807359407,SPYX,10000,-0.015930762430977373,0.05
ppo_with_uncertainty_guard,-0.07091917744889673,0.38291733463725874,0,0.5631953506605953,751213.8643203626,test_legacy,0.7075608260274441,False,7,-0.19210285690001924,TAN,10000,-0.036637099161354755,0.05
ppo_with_uncertainty_guard,-0.04397937530746462,0.2898356951133864,0,0.7255720063623426,839536.0521292711,test_legacy,0.5969719210868626,False,19,-0.15517677201953836,TAN,10000,-0.02766171412409211,0.05
ppo_with_uncertainty_guard,0.005954803902393192,0.05707922345495186,0,0.9650047963011487,1023357.5056810045,test_legacy,0.10841444781597909,True,42,0.10401556395858448,TAN,10000,-0.0035658670389033804,0.05
ppo_with_uncertainty_guard,0.15449168702526192,0.2200030283891016,0,0.7537917993277383,1748360.2669036654,test_legacy,0.2758444486867131,False,7,0.6529912187183294,TMUS,10000,-0.02180343353079941,0.05
ppo_with_uncertainty_guard,0.1462289739361461,0.21114278588301477,0,0.7541166113512642,1700199.2475073934,test_legacy,0.275481436090695,False,19,0.6463744327883297,TMUS,10000,-0.019848577834095237,0.05
ppo_with_uncertainty_guard,0.1570762784322781,0.2201499797057728,0,0.753924373577666,1763631.0617473975,test_legacy,0.2757030586097553,False,42,0.6627130686226431,TMUS,10000,-0.021365992165873315,0.05
ppo_with_uncertainty_guard,-0.0021716368010152986,0.02579580384989468,0,0.9915812007162901,991581.20071629,test_legacy,0.04907454378986387,True,7,-0.0842766853765026,TSLA,10000,-0.000547131875099005,0.05
ppo_with_uncertainty_guard,0.0037039123591564005,0.03948689058905269,0,0.9574647790001836,1014481.3468175317,test_legacy,0.05930604249382132,True,19,0.0936274001009055,TSLA,10000,-0.0020739897623831107,0.05
ppo_with_uncertainty_guard,0.11974686062071986,0.5551243182845271,0,0.9382769012118273,1552464.4089334598,test_legacy,0.6232410167786469,False,42,0.20374284892554406,TSLA,10000,-0.05433395848127258,0.05
ppo_with_uncertainty_guard,0.3245348574767,0.3475652296230183,0,0.9729170653125127,2983259.0648327083,test_legacy,0.3771629316155194,True,7,0.808657467776184,TSM,10000,-0.031841076306048155,0.05
ppo_with_uncertainty_guard,0.33340876384120255,0.3327695837906745,0,0.9728970131897619,3061740.7124894173,test_legacy,0.36709695495952654,True,19,0.8646779047274191,TSM,10000,-0.029855021678630234,0.05
ppo_with_uncertainty_guard,0.3007931142507214,0.32436269087480935,0,0.9729050995845044,2780629.4237187337,test_legacy,0.36663414299348174,True,42,0.8107407079228656,TSM,10000,-0.029415889226167998,0.05
ppo_with_uncertainty_guard,-0.015316052392865872,0.02041886769297908,0,0.9362287517451802,941742.6207036084,test_legacy,0.07045631551737153,False,7,-0.7558908216631074,V,10000,-0.0016558653063236228,0.05
ppo_with_uncertainty_guard,0.12496049199064826,0.1631841400285138,0,0.9534642610967049,1580764.4598384171,test_legacy,0.15008824832467804,True,19,0.7215640088790444,V,10000,-0.01414222832764338,0.05
ppo_with_uncertainty_guard,0.11705236281329494,0.18773585781759114,0,0.9537886956264554,1537986.8514507648,test_legacy,0.19363472247752955,True,42,0.5896225939657168,V,10000,-0.018163058900480686,0.05
ppo_with_uncertainty_guard,0.1260766045483071,0.1517463856078759,0,0.9967172103494353,1586872.2730239904,test_legacy,0.17651969145771473,True,7,0.7824860880241591,VOO,10000,-0.014922661990334873,0.05
ppo_with_uncertainty_guard,0.14770840952532208,0.13149116609282957,0,0.9964719979388189,1708749.1194620298,test_legacy,0.18649023178214663,True,19,1.0477289443448445,VOO,10000,-0.012098354348733674,0.05
ppo_with_uncertainty_guard,0.1319862318178571,0.16019362059076334,0,0.9964719892278886,1619504.7610500022,test_legacy,0.18933283978789717,True,42,0.7738990709623241,VOO,10000,-0.015711539889132452,0.05
ppo_with_uncertainty_guard,0.10288005718700773,0.13534933030812404,0,0.9963551056948314,1463483.2960183667,test_legacy,0.1527273904857246,True,7,0.723497315672474,VTI,10000,-0.013729673766967654,0.05
ppo_with_uncertainty_guard,0.13971520728819986,0.1387327291756959,0,0.9956161073399253,1662932.678336386,test_legacy,0.19299101705295285,True,19,0.9426633798835411,VTI,10000,-0.013403383954396818,0.05
ppo_with_uncertainty_guard,0.12578200743592208,0.16730540002718183,0,0.9956161644298877,1585258.4201543995,test_legacy,0.19448557673387945,True,42,0.7081528716930073,VTI,10000,-0.016064245163386913,0.05
ppo_with_uncertainty_guard,0.014168018312652438,0.05289331978789052,0,0.995054378986627,1056235.512098585,test_legacy,0.10087391787092581,True,7,0.2659796701955315,VYM,10000,-0.005351285232219105,0.05
ppo_with_uncertainty_guard,0.09932398469086279,0.12712350077335502,0,0.9856102617478871,1445217.7632784494,test_legacy,0.14327956287148114,True,19,0.7449080043171229,VYM,10000,-0.012125030293946626,0.05
ppo_with_uncertainty_guard,0.09991728682086103,0.13945777927467665,0,0.9855821275741083,1448253.38444763,test_legacy,0.14808837127105567,True,42,0.6828939573480672,VYM,10000,-0.013609520851782086,0.05
ppo_with_uncertainty_guard,-0.01116435623159998,0.018251588716690918,0,0.9470307226731154,957278.3039229712,test_legacy,0.066931869424386,False,7,-0.6151271516066216,VYMI,10000,-0.0016379507331548914,0.05
ppo_with_uncertainty_guard,0.13364843369474638,0.13296001228388693,0,0.998118004360015,1628772.4490969463,test_legacy,0.16724387784234396,True,19,0.9434489521996322,VYMI,10000,-0.01282514410139699,0.05
ppo_with_uncertainty_guard,0.12497771388232101,0.14216594814063374,0,0.9981180044789467,1580858.5720294039,test_legacy,0.21243038219537613,True,42,0.8283495142232031,VYMI,10000,-0.013996901004375761,0.05
ppo_with_uncertainty_guard,0.10498173277435906,0.14884527522866986,0,0.9927272066194173,1474358.712936699,test_legacy,0.19342060402323114,True,7,0.6706877110167704,XLF,10000,-0.014743027373611283,0.05
ppo_with_uncertainty_guard,0.12667289726403722,0.14461103864582384,0,0.9926431279208487,1590142.6004870688,test_legacy,0.15540097615699755,True,19,0.8247559876372289,XLF,10000,-0.013785335169648949,0.05
ppo_with_uncertainty_guard,0.11505639078588402,0.1737148920184882,0,0.9926431327640061,1527327.3229913812,test_legacy,0.21325239026279819,True,42,0.6269173445270981,XLF,10000,-0.017825989162008327,0.05
ppo_with_uncertainty_guard,0.11548166486908785,0.1406249401380909,0,0.9964358060604932,1529593.8922092407,test_legacy,0.15619694110131843,True,7,0.7771464619788574,XLI,10000,-0.014163852653840436,0.05
ppo_with_uncertainty_guard,0.14008832498736573,0.16202566634348356,0,0.9960000188618149,1665050.8203414823,test_legacy,0.18487823449230334,True,19,0.8091656832641682,XLI,10000,-0.016193196713778325,0.05
ppo_with_uncertainty_guard,0.1346190555959078,0.1642932436068277,0,0.9959999998553103,1634202.3850016897,test_legacy,0.18490497534387096,True,42,0.7687281348583852,XLI,10000,-0.016329299932378395,0.05
ppo_with_uncertainty_guard,0.17651839168667158,0.22244210485365484,0,0.9622598336746081,1881700.8455299796,test_legacy,0.23934882280445524,True,7,0.7307944046963746,XLK,10000,-0.02284937436222654,0.05
ppo_with_uncertainty_guard,0.11567594294343732,0.11659444688055397,0,0.9654366905772137,1530630.160678972,test_legacy,0.1542698443832916,True,19,0.9388122846555599,XLK,10000,-0.010960444125566316,0.05
ppo_with_uncertainty_guard,0.18141477633390685,0.24349115644137337,0,0.9607159260874922,1912339.002899016,test_legacy,0.25655485229421493,True,42,0.6846760968152431,XLK,10000,-0.024859791951414766,0.05
ppo_with_uncertainty_guard,0.08475636326857039,0.17182299535254048,0,0.9296253323453995,1372154.5338717713,test_legacy,0.2471838815687064,False,7,0.4734834034544333,XLU,10000,-0.01833120445557155,0.05
ppo_with_uncertainty_guard,0.08536547071301709,0.16366869089222805,0,0.9296501465693566,1375153.29925738,test_legacy,0.23589283723965415,False,19,0.5005031184806679,XLU,10000,-0.01747432353875302,0.05
ppo_with_uncertainty_guard,0.08234618527144293,0.16114594680146588,0,0.9300151728247488,1360336.3326700602,test_legacy,0.23487894508463536,False,42,0.4910517595326683,XLU,10000,-0.01673517880715041,0.05
