date,baseline_value,prob_value,uncertainty_aleatoric,uncertainty_epistemic
2022-02-01,1000000.0,1000000.0,0.3255437,0.34208286
2022-02-02,1004321.2960270763,1005150.8558971027,0.3255437,0.34208286
2022-02-03,994879.0077105795,991713.3177601884,0.22863497,0.29667345
2022-02-04,996367.8418927041,994368.3061226017,0.25866506,0.579063
2022-02-07,995452.4305532551,992408.4312137123,0.2591003,0.40398762
2022-02-08,996946.6067553328,997547.4298086101,0.2810063,0.3827953
2022-02-09,998499.0173735016,1006893.0896561561,0.26794973,0.23797657
2022-02-10,997967.2448018735,994748.4250827737,0.21920522,0.5652806
2022-02-11,997943.0162297995,981510.5499254558,0.26069608,0.55765986
2022-02-14,997943.0162297995,979258.0605426799,0.34599897,0.58504045
2022-02-15,997943.0162297995,990409.8243855049,0.4043183,0.5463519
2022-02-16,997943.0162297995,991198.2931185744,0.3792207,0.5373264
2022-02-17,997943.0162297995,975756.1556705735,0.36224714,0.40344724
2022-02-18,997943.0162297995,971052.3493785743,0.4188256,0.5270304
2022-02-22,997943.0162297995,963335.0506820577,0.45886573,0.5068855
2022-02-23,997943.0162297995,950715.7929431811,0.51457375,0.4536723
2022-02-24,997943.0162297995,961231.8767752409,0.5908821,0.62419057
2022-02-25,997943.0162297995,976881.6293357543,0.5644788,0.4495845
2022-02-28,997943.0162297995,975026.9875061142,0.46626446,0.49059322
2022-03-01,997943.0162297995,964014.0002431829,0.4150537,0.49330398
2022-03-02,997943.0162297995,977113.4997453297,0.42549896,0.41856337
2022-03-03,997943.0162297995,973503.2753252604,0.3584027,0.37624976
2022-03-04,997943.0162297995,967493.3393954823,0.34338766,0.5767195
2022-03-07,997943.0162297995,945450.655830336,0.3522371,0.32683358
2022-03-08,997943.0162297995,939878.0702855864,0.4590108,0.4184901
2022-03-09,997943.0162297995,959404.0488376318,0.5303867,0.42333132
2022-03-10,997943.0162297995,956027.1485979215,0.47380823,0.49376336
2022-03-11,997943.0162297995,946561.7981464327,0.4560368,0.48915407
2022-03-14,997943.0162297995,941190.2621405203,0.46887577,0.0
2022-03-15,997943.0162297995,957234.5711338075,0.48730004,0.4095434
2022-03-16,997943.0162297995,973768.5394350806,0.4158516,0.2974413
2022-03-17,997943.0162297995,983303.9059036748,0.30450812,0.9121836
2022-03-18,997943.0162297995,991874.2273075968,0.19933023,0.40069097
2022-03-21,997943.0162297995,991621.8376296235,0.105685644,0.37720844
2022-03-22,997943.0162297995,1001249.120400484,0.06905472,0.4414356
2022-03-23,997943.0162297995,990295.0766223205,0.023284208,0.25417456
2022-03-24,997943.0162297995,1003107.3350005648,0.0632518,0.52363056
2022-03-25,997943.0162297995,1007356.0740118237,0.052081186,0.5467003
2022-03-28,997943.0162297995,1013662.972260643,0.055417866,0.6173665
2022-03-29,997943.0162297995,1024858.9908235255,0.047003634,0.29035872
2022-03-30,997943.0162297995,1019125.8567408365,0.017771436,0.46576142
2022-03-31,997943.0162297995,1004789.9852271228,0.04787407,0.43369168
2022-04-01,997943.0162297995,1007385.2240282682,0.12896985,0.7518637
2022-04-04,997943.0162297995,1015312.3307216858,0.1753932,0.6352555
2022-04-05,997943.0162297995,1003467.6033908728,0.18366235,0.3103937
2022-04-06,997943.0162297995,994171.593970129,0.24437538,0.37414372
2022-04-07,997943.0162297995,998830.2082634505,0.31712946,0.58524793
2022-04-08,997943.0162297995,996325.4986761211,0.33823758,0.8945287
2022-04-11,997943.0162297995,980311.3689444282,0.3601436,0.5120563
2022-04-12,997943.0162297995,976910.3756804473,0.42694968,0.396601
2022-04-13,997943.0162297995,987372.8439423384,0.4701814,0.33535534
2022-04-14,997943.0162297995,975868.2288835783,0.4496536,0.51414233
2022-04-18,997943.0162297995,976243.4823867657,0.47467867,0.5029165
2022-04-19,997943.0162297995,990978.1812002584,0.47163215,0.42707622
2022-04-20,997943.0162297995,990290.5189055944,0.4069296,0.33833683
2022-04-21,997943.0162297995,976431.0755315616,0.37225717,0.54060304
2022-04-22,997943.0162297995,951266.4712406141,0.3935829,0.32142648
2022-04-25,997943.0162297995,956454.0573089294,0.49513397,0.4034417
2022-04-26,997943.0162297995,930372.2274857637,0.51762027,0.5441904
2022-04-27,997943.0162297995,932831.2811964628,0.6254095,0.39941162
2022-04-28,997943.0162297995,954982.8274344963,0.64970917,0.38738573
2022-04-29,997943.0162297995,921755.2369579631,0.5612872,0.45527345
2022-05-02,997943.0162297995,926967.3734586617,0.62642497,0.33364654
2022-05-03,997943.0162297995,930960.6923235886,0.60974157,0.25068042
2022-05-04,997943.0162297995,957610.17856426,0.57499665,0.531744
2022-05-05,997943.0162297995,925559.3144237646,0.43471107,0.19095159
2022-05-06,997943.0162297995,920368.121903127,0.47583926,0.44882888
2022-05-09,997943.0162297995,892689.1272056802,0.4956417,0.20779203
2022-05-10,997943.0162297995,894622.4802388661,0.61104727,0.37630856
2022-05-11,997943.0162297995,881297.9065682072,0.64187527,0.21453509
2022-05-12,997943.0162297995,880436.0855116599,0.7012826,0.2976943
2022-05-13,997943.0162297995,900149.9964781501,0.7107849,0.2726938
2022-05-16,997943.0162297995,896724.1984709873,0.60974157,0.3751346
2022-05-17,997943.0162297995,914021.214806383,0.55359834,0.5281389
2022-05-18,997943.0162297995,879427.317695333,0.43289766,0.9677725
2022-05-19,997943.0162297995,874383.2074942162,0.49963123,0.34515092
2022-05-20,997943.0162297995,874740.6107526649,0.5306043,0.50223297
2022-05-23,997943.0162297995,890061.9794155286,0.53807557,0.43242896
2022-05-24,997943.0162297995,883693.857219241,0.47119692,0.48472676
2022-05-25,997943.0162297995,891007.7119520607,0.44878316,0.7762472
2022-05-26,997943.0162297995,907695.0483500877,0.39510617,0.41836584
2022-05-27,997943.0162297995,928588.5498549656,0.2992855,0.21210507
2022-05-31,997943.0162297995,923669.4810845782,0.15987039,0.37285215
2022-06-01,997943.0162297995,916589.9531465238,0.116856255,0.45750043
2022-06-02,997943.0162297995,933090.8842655165,0.1270839,0.49864784
2022-06-03,997943.0162297995,918522.7360264228,0.08544797,0.16851209
2022-06-06,997943.0162297995,921188.8345962093,0.13252413,0.42396933
2022-06-07,997943.0162297995,929658.0792678358,0.15725908,0.41552305
2022-06-08,997943.0162297995,919924.6150298981,0.15044065,0.3791691
2022-06-09,997943.0162297995,898798.1418841555,0.20063588,0.50376976
2022-06-10,997943.0162297995,873710.8059127027,0.31176177,0.55478597
2022-06-13,997943.0162297995,841750.536544804,0.47344556,0.7385984
2022-06-14,997943.0162297995,839310.267696323,0.6886613,0.7667823
2022-06-15,997943.0162297995,850819.8739611602,0.790575,0.77258885
2022-06-16,997943.0162297995,823719.5953928829,0.7791868,0.54802185
2022-06-17,997943.0162297995,825426.411671169,0.85186833,0.66770256
2022-06-21,997943.0162297995,845399.2286379215,0.841278,0.4039155
2022-06-22,997943.0162297995,843924.6560506148,0.7233337,0.55215514
2022-06-23,997943.0162297995,851883.5179634024,0.64325345,0.5050292
2022-06-24,997943.0162297995,877950.131248316,0.5340135,0.5933813
2022-06-27,997943.0162297995,874718.7455685621,0.3565893,0.4116128
2022-06-28,997943.0162297995,857498.5136634512,0.2738977,0.3711611
2022-06-29,997943.0162297995,856821.893542556,0.2939903,0.69015646
2022-06-30,997943.0162297995,850101.4722826459,0.30305737,0.4628343
2022-07-01,997943.0162297995,858767.4133689159,0.34200948,0.5170728
2022-07-05,997943.0162297995,860333.2782179292,0.33004096,0.19962758
2022-07-06,997943.0162297995,863146.3778146347,0.3164041,0.5467957
2022-07-07,997943.0162297995,875695.8700235764,0.29797983,0.46353
2022-07-08,997943.0162297995,874992.805487316,0.23980558,0.46983147
2022-07-11,997943.0162297995,865241.963205213,0.21499811,0.42863077
2022-07-12,997943.0162297995,857769.2116025162,0.24125631,0.5045232
2022-07-13,997943.0162297995,853364.0163475714,0.28731698,0.48470235
2022-07-14,997943.0162297995,851336.110983823,0.33207196,0.29691425
2022-07-15,997943.0162297995,867243.8538246622,0.36964586,0.79613245
2022-07-18,997943.0162297995,860230.2549097256,0.32655922,0.77984786
2022-07-19,997943.0162297995,883020.3222438949,0.32844514,0.47284624
2022-07-20,997943.0162297995,888533.37852468,0.23654144,0.39757854
2022-07-21,997943.0162297995,897384.8216228818,0.17945524,0.5006018
2022-07-22,997943.0162297995,889220.4547598637,0.11547807,0.27264944
2022-07-25,997943.0162297995,890279.519967758,0.12664868,0.46042645
2022-07-26,997943.0162297995,879932.8641670331,0.14137359,0.18379465
2022-07-27,997943.0162297995,902403.4729629967,0.20092604,0.33124757
2022-07-28,997943.0162297995,913546.0533883629,0.15145616,0.58003056
2022-07-29,997943.0162297995,926676.9970615742,0.103582084,0.49475646
2022-08-01,997943.0162297995,923972.7962741463,0.038661942,0.39167768
2022-08-02,997943.0162297995,917961.9940710625,0.033221703,0.40668172
2022-08-03,997943.0162297995,932151.7056792589,0.06716877,0.26749757
2022-08-04,997943.0162297995,931529.877459227,0.050630458,0.44778252
2022-08-05,997943.0162297995,929972.6731865077,0.06890965,0.21932192
2022-08-08,997943.0162297995,928903.7204065681,0.0970538,0.338865
2022-08-09,997943.0162297995,925250.2315449337,0.1300579,0.32300878
2022-08-10,997943.0162297995,944499.672656652,0.17524812,0.38793388
2022-08-11,997943.0162297995,944499.0459274526,0.14006793,0.60516864
2022-08-12,997943.0162297995,960358.6901287466,0.13825452,0.17958814
2022-08-15,997943.0162297995,964284.4898442139,0.09103327,0.30930296
2022-08-16,997943.0162297995,966156.1683474086,0.066298336,0.60854405
2022-08-17,997943.0162297995,959351.4258760399,0.06455746,0.5107669
2022-08-18,997943.0162297995,962118.7192863493,0.10256657,0.27762824
2022-08-19,997943.0162297995,949281.9553366003,0.12795433,0.26785153
2022-08-22,997943.0162297995,929654.998794755,0.20121618,0.5125545
2022-08-23,997943.0162297995,927423.0121773011,0.31988585,0.4724135
2022-08-24,997943.0162297995,930367.0359075504,0.39184204,0.3645945
2022-08-25,997943.0162297995,943391.5396054479,0.42586163,0.5295281
2022-08-26,997943.0162297995,911723.6061956697,0.3909716,0.53851813
2022-08-29,997943.0162297995,905743.0646175524,0.4858493,0.42329025
2022-08-30,997943.0162297995,895882.809066837,0.53749526,0.5064273
2022-08-31,997943.0162297995,889123.5288972695,0.59450895,0.9999998
2022-09-01,997943.0162297995,891889.6202140384,0.63643503,0.53659403
2022-09-02,997943.0162297995,882567.4471740009,0.6270053,0.38115197
2022-09-06,997943.0162297995,879266.9858643377,0.63890123,0.5734584
2022-09-07,997943.0162297995,894922.3353759113,0.6336786,0.391023
2022-09-08,997943.0162297995,900720.1089334423,0.5499715,0.55900913
2022-09-09,997943.0162297995,914590.7461976964,0.47337303,0.27588615
2022-09-12,997943.0162297995,924333.4239263341,0.3631901,0.65286493
2022-09-13,997943.0162297995,884469.365737093,0.26599124,0.42234376
2022-09-14,997943.0162297995,887813.8601221583,0.3635528,0.4720662
2022-09-15,997943.0162297995,877828.3009257467,0.39068145,0.39724565
2022-09-16,997943.0162297995,871193.7277236644,0.44994375,0.48973885
2022-09-19,997943.0162297995,877886.3473259378,0.49970376,0.3826555
2022-09-20,997943.0162297995,867903.431343981,0.48809794,0.31089303
2022-09-21,997943.0162297995,852906.9652761794,0.51116455,0.6534408
2022-09-22,997943.0162297995,845811.9226340705,0.5682507,0.4840621
2022-09-23,997943.0162297995,831778.877339306,0.6112649,0.73059374
2022-09-26,997943.0162297995,823632.1412176051,0.6768378,0.21842647
2022-09-27,997943.0162297995,821550.7407166512,0.71549976,0.28125885
2022-09-28,997943.0162297995,837553.1890798304,0.72318864,0.6286811
2022-09-29,997943.0162297995,820234.3200659652,0.63512933,0.35099298
2022-09-30,997943.0162297995,807681.3367725007,0.640352,0.4250057
2022-10-03,997943.0162297995,828781.6319644008,0.66639256,0.63626415
2022-10-04,997943.0162297995,854200.5215033909,0.5685409,0.19848247
2022-10-05,997943.0162297995,852231.4611622387,0.40417323,0.5050791
2022-10-06,997943.0162297995,843527.4373349183,0.31770974,0.24113894
2022-10-07,997943.0162297995,820238.4537745035,0.29544106,0.4280527
2022-10-10,997943.0162297995,814045.416829837,0.3798735,0.5805632
2022-10-11,997943.0162297995,808946.6014183927,0.4462444,0.57504845
2022-10-12,997943.0162297995,806307.716821506,0.4949889,0.67887515
2022-10-13,997943.0162297995,827350.4972608266,0.5282106,0.39338645
2022-10-14,997943.0162297995,808702.8616859711,0.44356054,0.54293656
2022-10-17,997943.0162297995,829246.6933648699,0.47184977,0.50675905
2022-10-18,997943.0162297995,838881.4624538749,0.38241228,0.62373894
2022-10-19,997943.0162297995,832997.6897913839,0.29587626,0.6122457
2022-10-20,997943.0162297995,826079.661879932,0.26882017,0.29022
2022-10-21,997943.0162297995,845960.340014558,0.28165913,0.53988844
2022-10-24,997943.0162297995,856220.5198309217,0.20890504,0.2259751
2022-10-25,997943.0162297995,869778.7734456904,0.1426067,0.76082927
2022-10-26,997943.0162297995,863280.0914520245,0.062381368,0.44386786
2022-10-27,997943.0162297995,858711.7330776609,0.06354195,0.4462291
2022-10-28,997943.0162297995,878958.5549399867,0.08951001,0.42347336
2022-10-31,997943.0162297995,872662.6102825411,0.041418325,0.39810005
2022-11-01,997943.0162297995,868876.3902079788,0.07007023,0.40748176
2022-11-02,997943.0162297995,847251.9619963976,0.11301182,0.42632502
2022-11-03,997943.0162297995,838605.8821227785,0.23414773,0.5556382
2022-11-04,997943.0162297995,850568.83438053,0.3378749,0.29224727
2022-11-07,997943.0162297995,858631.9025078081,0.34759477,0.359467
2022-11-08,997943.0162297995,863222.1113358709,0.3267768,0.41293323
2022-11-09,997943.0162297995,845609.7198954887,0.2949333,0.44158983
2022-11-10,997943.0162297995,891648.2669260637,0.34759477,0.47778842
2022-11-11,997943.0162297995,900201.1291475696,0.19301955,0.46220183
2022-11-14,997943.0162297995,892604.8514854327,0.092629075,0.5514472
2022-11-15,997943.0162297995,900157.9055967393,0.07674359,0.31808546
2022-11-16,997943.0162297995,893343.9376498631,0.049542412,0.36592934
2022-11-17,997943.0162297995,890631.2495166166,0.08044295,0.601244
2022-11-18,997943.0162297995,894645.278533309,0.12142605,0.35648993
2022-11-21,997943.0162297995,891414.879529919,0.14848216,0.82391024
2022-11-22,997943.0162297995,903318.709155885,0.18903005,0.32245508
2022-11-23,997943.0162297995,908970.4664832294,0.17495798,0.5339776
2022-11-25,997943.0162297995,908768.5937005766,0.1565337,0.5981903
2022-11-28,997943.0162297995,894365.2978119281,0.15638864,0.7041419
2022-11-29,997943.0162297995,892838.2630664016,0.22377501,0.4415843
2022-11-30,997943.0162297995,920799.240269542,0.2670793,0.40610805
2022-12-01,997943.0162297995,920125.285953655,0.1941076,0.1876949
2022-12-02,997943.0162297995,919069.3739239776,0.16842969,0.78709584
2022-12-05,997943.0162297995,902630.4287120235,0.16219155,0.5720603
2022-12-06,997943.0162297995,889693.6061126239,0.23298715,0.41853452
2022-12-07,997943.0162297995,888189.0505198641,0.32445565,0.34315473
2022-12-08,997943.0162297995,895104.0730279146,0.38255736,0.5872951
2022-12-09,997943.0162297995,888456.4434102587,0.38473344,0.5067413
2022-12-12,997943.0162297995,901194.1848054101,0.4188256,0.35534927
2022-12-13,997943.0162297995,907978.589668172,0.37501356,0.4015132
2022-12-14,997943.0162297995,902206.7081188019,0.32322252,0.51279527
2022-12-15,997943.0162297995,880256.4198198317,0.31596887,0.6022848
2022-12-16,997943.0162297995,869919.5499188937,0.39068145,0.51903015
2022-12-19,997943.0162297995,862582.8015823747,0.4648137,0.62949
2022-12-20,997943.0162297995,863756.6260809402,0.53009653,0.44400656
2022-12-21,997943.0162297995,876601.2894477203,0.5485208,0.60276747
2022-12-22,997943.0162297995,864163.1459266903,0.49767274,0.54267466
2022-12-23,997943.0162297995,869106.7815665827,0.50790036,0.7007243
2022-12-27,997943.0162297995,865698.0694055571,0.47380823,0.3771774
2022-12-28,997943.0162297995,855001.1180811222,0.45937347,0.49569187
2022-12-29,997943.0162297995,870301.5889415992,0.48396334,0.21640256
2022-12-30,997943.0162297995,868022.3338015147,0.4289807,0.36310095
2023-01-03,997943.0162297995,864389.1176305991,0.4031577,0.61763614
2023-01-04,997943.0162297995,871022.4443893355,0.39285755,0.31627572
2023-01-05,997943.0162297995,861139.9911377945,0.35296246,0.45401296
2023-01-06,997943.0162297995,880776.4618440607,0.36993602,0.39733
2023-01-09,997943.0162297995,880279.9812074046,0.29696432,0.38482365
2023-01-10,997943.0162297995,886420.6943171117,0.2682399,0.624843
2023-01-11,997943.0162297995,897569.4631459861,0.22529829,0.5588693
2023-01-12,997943.0162297995,900820.415863985,0.16915506,0.44862473
2023-01-13,997943.0162297995,904298.3533394976,0.13651364,0.42692533
2023-01-17,997943.0162297995,902648.4260172958,0.113882266,0.4644743
2023-01-18,997943.0162297995,888452.3756125433,0.118597135,0.45533338
2023-01-19,997943.0162297995,882011.7950442069,0.18881243,0.7569923
2023-01-20,997943.0162297995,898375.371828445,0.2593904,0.58806634
2023-01-23,997943.0162297995,909108.1038140473,0.24430284,0.14345503
2023-01-24,997943.0162297995,908136.3233755606,0.2086149,0.5039074
2023-01-25,997943.0162297995,908474.7918007482,0.19468789,0.51224494
2023-01-26,997943.0162297995,918415.7916418987,0.19265687,0.18970218
2023-01-27,997943.0162297995,920517.3166298524,0.16219155,0.5524824
2023-01-30,997943.0162297995,909013.4486001258,0.149135,0.37402833
2023-01-31,997943.0162297995,922325.7543317997,0.19816965,0.5710195
2023-02-01,997943.0162297995,932091.2196254852,0.17923762,0.38195756
2023-02-02,997943.0162297995,945604.4958347395,0.14840962,0.39232236
2023-02-03,997943.0162297995,935591.7721422048,0.094877705,0.42071488
2023-02-06,997943.0162297995,929893.5560220549,0.114244945,0.251719
2023-02-07,997943.0162297995,942014.1306228987,0.15841965,0.4694664
2023-02-08,997943.0162297995,931749.3029680206,0.14920752,0.64912885
2023-02-09,997943.0162297995,923698.0896801279,0.19860487,0.27350384
2023-02-10,997943.0162297995,925846.745988285,0.2601158,0.7091972
2023-02-13,997943.0162297995,936684.2363784452,0.2905811,0.6201616
2023-02-14,997943.0162297995,936254.1555914296,0.27302727,0.5124358
2023-02-15,997943.0162297995,939286.8701790186,0.26932794,0.5523437
2023-02-16,997943.0162297995,926386.3489289738,0.2547481,0.5938518
2023-02-17,997943.0162297995,924077.3384243955,0.29899535,0.41138867
2023-02-21,997943.0162297995,905584.0630308851,0.3335227,0.40355375
2023-02-22,997943.0162297995,904339.1727076668,0.42317778,0.4117637
2023-02-23,997943.0162297995,909136.3687686924,0.46648204,0.21070474
2023-02-24,997943.0162297995,899451.9650356063,0.46749756,0.52571106
2023-02-27,997943.0162297995,902506.7223826026,0.4976002,0.1393395
2023-02-28,997943.0162297995,899180.5527013498,0.4864296,0.7761762
2023-03-01,997943.0162297995,895741.1504857418,0.4820774,0.64939743
2023-03-02,997943.0162297995,902687.6639387736,0.48352814,0.59376526
2023-03-03,997943.0162297995,917123.3893031537,0.44696975,0.48949918
2023-03-06,997943.0162297995,917756.8176482525,0.36746976,0.41613665
2023-03-07,997943.0162297995,903728.253597081,0.3160414,0.44407424
2023-03-08,997943.0162297995,905198.5143499891,0.3362791,0.43068466
2023-03-09,997943.0162297995,888547.1941889505,0.33990592,0.5072994
2023-03-10,997943.0162297995,875764.2269231136,0.4051162,0.50301194
2023-03-13,997943.0162297995,874519.7144173179,0.4816422,0.3406448
2023-03-14,997943.0162297995,888931.7583953962,0.521102,0.49045452
2023-03-15,997943.0162297995,883389.1680387497,0.4788858,0.44011185
2023-03-16,997943.0162297995,898840.0253729026,0.46829545,0.29212075
2023-03-17,997943.0162297995,888362.5259469909,0.3884328,0.26650003
2023-03-20,997943.0162297995,896878.9240857245,0.38096157,0.3613744
2023-03-21,997943.0162297995,908620.3677581587,0.3349009,0.18182622
2023-03-22,997943.0162297995,893179.9451694641,0.26599124,0.1902825
2023-03-23,997943.0162297995,895587.3237223246,0.2921769,0.52901655
2023-03-24,997943.0162297995,901447.8295721879,0.29391778,0.5029997
2023-03-27,997943.0162297995,903128.7989827958,0.27708933,0.60550815
2023-03-28,997943.0162297995,901107.1538695045,0.26736945,0.36679703
2023-03-29,997943.0162297995,914167.7955763974,0.27114135,0.4333244
2023-03-30,997943.0162297995,919505.9994263386,0.22689408,0.21504995
2023-03-31,997943.0162297995,932431.5738685695,0.19381745,0.4492816
2023-04-03,997943.0162297995,935975.6306593195,0.13607842,0.7627267
2023-04-04,997943.0162297995,930795.7334424348,0.103146866,0.38658127
2023-04-05,997943.0162297995,928364.0560957559,0.11359212,0.3946736
2023-04-06,997943.0162297995,931977.1469296761,0.14217149,0.6078095
2023-04-10,997943.0162297995,932931.3917074006,0.15537313,0.523271
2023-04-11,997943.0162297995,933181.3359901241,0.17249173,0.4781102
2023-04-12,997943.0162297995,929385.646445326,0.19207658,0.40763488
2023-04-13,997943.0162297995,941703.0990042501,0.22783706,0.5218108
2023-04-14,997943.0162297995,939407.8057946889,0.20614865,0.27838498
2023-04-17,997943.0162297995,942771.6109283123,0.21673898,0.5917802
2023-04-18,997943.0162297995,943385.1042196631,0.21071845,0.349434
2023-04-19,997943.0162297995,943225.8054981823,0.21615869,0.5430619
2023-04-20,997943.0162297995,938089.4910435614,0.22703916,0.15045996
2023-04-21,997943.0162297995,938816.73882775,0.2541678,0.40552774
2023-04-24,997943.0162297995,939793.92243583,0.272447,0.48094967
2023-04-25,997943.0162297995,924905.3155711978,0.2845606,0.19876875
2023-04-26,997943.0162297995,920994.9860733268,0.34781238,0.2580293
2023-04-27,997943.0162297995,939297.828352345,0.3917695,0.56678855
2023-04-28,997943.0162297995,947300.2165358765,0.34991595,0.5335127
2023-05-01,997943.0162297995,946345.0642052301,0.30059114,0.6249284
2023-05-02,997943.0162297995,935725.8947307254,0.2760738,0.51487136
2023-05-03,997943.0162297995,929313.9112307539,0.29986578,0.5243418
2023-05-04,997943.0162297995,922742.3709671391,0.33439314,0.3209083
2023-05-05,997943.0162297995,939797.1868363213,0.37864038,0.60122067
2023-05-08,997943.0162297995,940047.5581716745,0.33903548,0.49929586
2023-05-09,997943.0162297995,935931.0646836963,0.32003093,0.6683705
2023-05-10,997943.0162297995,940297.5442626697,0.32003093,0.29097453
2023-05-11,997943.0162297995,938660.2515368888,0.302332,0.9693692
2023-05-12,997943.0162297995,937432.0769041919,0.30363768,0.28983498
2023-05-15,997943.0162297995,940661.5358214453,0.30711943,0.30584878
2023-05-16,997943.0162297995,934383.840806748,0.2992855,0.39289603
2023-05-17,997943.0162297995,945711.3494336652,0.31988585,0.5926512
2023-05-18,997943.0162297995,954808.908528912,0.28855008,0.28290883
2023-05-19,997943.0162297995,953421.5299297118,0.2440127,0.46512562
2023-05-22,997943.0162297995,953808.1283862665,0.22936033,0.4101781
2023-05-23,997943.0162297995,943116.5582503052,0.2231222,0.347521
2023-05-24,997943.0162297995,936291.5825235995,0.26243696,0.41848457
2023-05-25,997943.0162297995,944390.3247295581,0.31212443,0.6420729
2023-05-26,997943.0162297995,956605.5268019995,0.31589633,0.47746664
2023-05-30,997943.0162297995,956969.5226628861,0.2778147,0.4676278
2023-05-31,997943.0162297995,951669.2439394839,0.25786716,0.27726206
2023-06-01,997943.0162297995,960699.7595142286,0.26497573,0.23632659
2023-06-02,997943.0162297995,974576.2901264436,0.23937036,0.50951195
2023-06-05,997943.0162297995,972710.6996334026,0.18533069,0.40110487
2023-06-06,997943.0162297995,974826.5970859651,0.17510304,0.41169047
2023-06-07,997943.0162297995,971459.4240720639,0.16610852,0.17639028
2023-06-08,997943.0162297995,977329.3833361296,0.18351728,0.5577908
2023-06-09,997943.0162297995,979081.2115593493,0.1823567,0.3312243
2023-06-12,997943.0162297995,987954.0008722724,0.18663634,0.37084597
2023-06-13,997943.0162297995,994460.2566942371,0.16697896,0.47456947
2023-06-14,997943.0162297995,995642.7037540011,0.14623353,0.32666603
2023-06-15,997943.0162297995,1007970.2402879607,0.14043061,0.5926911
2023-06-16,997943.0162297995,1004541.6210153726,0.10887725,0.42200422
2023-06-20,997943.0162297995,999337.2071752931,0.11946757,0.42784297
2023-06-21,997943.0162297995,994224.3403967583,0.15203644,0.49404854
2023-06-22,997943.0162297995,997807.5875631582,0.19904009,0.27614912
2023-06-23,997943.0162297995,990276.2114754731,0.22029327,0.55622846
2023-06-26,997943.0162297995,986236.8385364781,0.2670793,0.37007815
2023-06-27,997943.0162297995,997031.6497430771,0.31060117,0.54544204
2023-06-28,997943.0162297995,997533.5820498372,0.30037352,0.45007277
2023-06-29,997943.0162297995,1001458.7755364398,0.29623896,0.592457
2023-06-30,997943.0162297995,1013259.1716225919,0.27912036,0.32866108
2023-07-03,997943.0162297995,1014423.06133432,0.2348731,0.41622654
2023-07-05,997943.0162297995,1012916.4956663445,0.2145629,0.22372371
2023-07-06,997943.0162297995,1004995.160311537,0.21108113,0.34891024
2023-07-07,997943.0162297995,1002461.414364367,0.24299718,0.30538052
2023-07-10,997943.0162297995,1004995.2228022267,0.27302727,0.27239978
2023-07-11,997943.0162297995,1011387.2633789891,0.28738952,0.66023713
2023-07-12,997943.0162297995,1019514.5717723187,0.27730694,0.5467436
2023-07-13,997943.0162297995,1027596.4070932177,0.24945293,0.34755987
2023-07-14,997943.0162297995,1026957.1703839366,0.21202411,0.6142951
2023-07-17,997943.0162297995,1030518.718140393,0.19962038,0.16769986
2023-07-18,997943.0162297995,1038167.6772847174,0.18866737,0.3371806
2023-07-19,997943.0162297995,1040473.731815472,0.16552824,0.32575282
2023-07-20,997943.0162297995,1033577.6263273451,0.1563161,0.4639428
2023-07-21,997943.0162297995,1033577.5372280213,0.18351728,0.4163397
2023-07-24,997943.0162297995,1038190.0006468716,0.20730925,0.4361184
2023-07-25,997943.0162297995,1041021.1765345073,0.21354738,0.33105007
2023-07-26,997943.0162297995,1041180.9526625433,0.2165939,0.43484566
2023-07-27,997943.0162297995,1034284.3418954938,0.22645886,0.506799
2023-07-28,997943.0162297995,1044400.1868070915,0.2591003,0.5888719
2023-07-31,997943.0162297995,1046386.8164520882,0.24763952,0.5600932
2023-08-01,997943.0162297995,1043395.178873721,0.24459298,0.35773492
2023-08-02,997943.0162297995,1028893.1248427574,0.25503823,0.55883604
2023-08-03,997943.0162297995,1025947.1323666814,0.31110895,0.49901292
2023-08-04,997943.0162297995,1021310.8784735429,0.34977087,0.53440815
2023-08-07,997943.0162297995,1030217.6527109514,0.38807014,0.43367946
2023-08-08,997943.0162297995,1025741.605347214,0.3762467,0.3263842
2023-08-09,997943.0162297995,1018890.6434186108,0.38400808,0.1744518
2023-08-10,997943.0162297995,1019255.9379167942,0.40417323,0.20039874
2023-08-11,997943.0162297995,1018662.1680411154,0.4080902,0.33121318
2023-08-14,997943.0162297995,1024280.0736474842,0.4070747,0.43543264
2023-08-15,997943.0162297995,1012359.7281355308,0.38255736,0.47624606
2023-08-16,997943.0162297995,1004937.4732318972,0.40605918,0.5186151
2023-08-17,997943.0162297995,997286.9677170989,0.43420333,0.16592005
2023-08-18,997943.0162297995,997766.506507084,0.4681504,0.39779934
2023-08-21,997943.0162297995,1004252.1755814381,0.47656462,0.26714027
2023-08-22,997943.0162297995,1001534.81120095,0.451467,0.43955925
2023-08-23,997943.0162297995,1012679.2521444119,0.43877313,0.5353491
2023-08-24,997943.0162297995,998657.1901478898,0.38371795,0.643734
2023-08-25,997943.0162297995,1005690.7196224771,0.39749986,0.47563356
2023-08-28,997943.0162297995,1012062.4361530095,0.37283748,0.69741106
2023-08-29,997943.0162297995,1026678.9447468977,0.33794743,0.47260213
2023-08-30,997943.0162297995,1030903.8251087622,0.2682399,0.80230737
2023-08-31,997943.0162297995,1029396.4372020324,0.21877,0.5000748
2023-09-01,997943.0162297995,1031314.786713679,0.20136125,0.5418913
2023-09-05,997943.0162297995,1026861.0172450657,0.19178644,0.33722502
2023-09-06,997943.0162297995,1019963.4024506474,0.21238679,0.32962534
2023-09-07,997943.0162297995,1016834.5668241028,0.2517741,0.42862523
2023-09-08,997943.0162297995,1018364.7114066376,0.28825995,0.6783658
2023-09-11,997943.0162297995,1025056.4584129764,0.3078448,0.6671366
2023-09-12,997943.0162297995,1019437.684457955,0.2985601,0.14441928
2023-09-13,997943.0162297995,1020625.4353134666,0.3152435,0.6472415
2023-09-14,997943.0162297995,1029418.4538142049,0.31589633,0.24414706
2023-09-15,997943.0162297995,1017024.8351362689,0.2889853,0.43474025
2023-09-18,997943.0162297995,1017620.8502640454,0.3184351,0.61417526
2023-09-19,997943.0162297995,1015511.9427327698,0.32946065,0.42342895
2023-09-20,997943.0162297995,1006182.6940976911,0.34570882,0.3139045
2023-09-21,997943.0162297995,989564.1895436633,0.38313764,0.38694298
2023-09-22,997943.0162297995,987340.775326074,0.45668963,0.32724524
2023-09-25,997943.0162297995,991489.6529304999,0.49194235,0.4416664
2023-09-26,997943.0162297995,976934.4463505477,0.4917973,0.61161655
2023-09-27,997943.0162297995,977324.0449353816,0.532055,0.5278526
2023-09-28,997943.0162297995,982985.4864048242,0.53589946,0.51712275
2023-09-29,997943.0162297995,980601.7937409047,0.5060144,0.32600138
2023-10-02,997943.0162297995,980212.0777974678,0.4854141,0.48962456
2023-10-03,997943.0162297995,967101.8149206601,0.46249256,0.3913903
2023-10-04,997943.0162297995,974138.3061818249,0.48497885,0.43114626
2023-10-05,997943.0162297995,973771.6486210051,0.45872065,0.5900159
2023-10-06,997943.0162297995,985322.828176101,0.4408767,0.8439863
2023-10-09,997943.0162297995,991625.3827888978,0.3820496,0.20019902
2023-10-10,997943.0162297995,996782.2564759599,0.32641414,0.48896435
2023-10-11,997943.0162297995,1000861.761610089,0.27447802,0.46415582
2023-10-12,997943.0162297995,994765.1195033909,0.2348731,0.24938773
2023-10-13,997943.0162297995,989814.3162575464,0.23995066,0.34418222
2023-10-16,997943.0162297995,1000219.856681219,0.26062354,0.5589903
2023-10-17,997943.0162297995,1000173.9355941336,0.24292465,0.41100585
2023-10-18,997943.0162297995,986857.8292554172,0.24183661,0.72818035
2023-10-19,997943.0162297995,978193.9787062051,0.28869516,0.42235708
2023-10-20,997943.0162297995,966183.6495647982,0.3426623,0.52872366
2023-10-23,997943.0162297995,964510.1189891836,0.4160692,0.5271103
2023-10-24,997943.0162297995,971776.2862648291,0.45726994,0.34437752
2023-10-25,997943.0162297995,957839.973558773,0.44573662,0.6377677
2023-10-26,997943.0162297995,946379.2180957318,0.48331052,0.45407954
2023-10-27,997943.0162297995,942092.9815760577,0.5298064,0.42512777
2023-10-30,997943.0162297995,953347.4826998127,0.55635476,0.49978298
2023-10-31,997943.0162297995,959329.6408457296,0.51718503,0.19755484
2023-11-01,997943.0162297995,969552.3897821328,0.46249256,0.28263032
2023-11-02,997943.0162297995,988117.9277156409,0.3871997,0.52409106
2023-11-03,997943.0162297995,997125.0917572818,0.27592874,0.75322187
2023-11-06,997943.0162297995,999416.9857062238,0.18903005,0.44899756
2023-11-07,997943.0162297995,1002259.2430109743,0.1386172,0.54622984
2023-11-08,997943.0162297995,1002992.8309346116,0.1115611,0.38714272
2023-11-09,997943.0162297995,995175.8384908588,0.1085871,0.51145047
2023-11-10,997943.0162297995,1010695.523146606,0.14666875,0.25851753
2023-11-13,997943.0162297995,1009732.6159056872,0.12621346,0.5627441
2023-11-14,997943.0162297995,1029309.6066615741,0.13854466,0.37446994
2023-11-15,997943.0162297995,1031487.3977515583,0.088494495,0.47567907
2023-11-16,997943.0162297995,1032748.2407354875,0.07108574,0.3532033
2023-11-17,997943.0162297995,1034031.8847022671,0.07036038,0.17663439
2023-11-20,997943.0162297995,1041987.0720690311,0.08145846,0.57971543
2023-11-21,997943.0162297995,1039717.3841609567,0.07920983,0.30884802
2023-11-22,997943.0162297995,1043729.2312668293,0.10445252,0.47393253
2023-11-24,997943.0162297995,1044371.0051581797,0.11547807,0.3471615
2023-11-27,997943.0162297995,1042491.1517137852,0.1346277,0.57894313
2023-11-28,997943.0162297995,1043522.7958572435,0.1640775,0.60411453
2023-11-29,997943.0162297995,1042789.1533620234,0.18961035,0.32241848
2023-11-30,997943.0162297995,1046892.3756826154,0.21543333,0.51553154
2023-12-01,997943.0162297995,1053081.9044460692,0.22442785,0.28230077
2023-12-04,997943.0162297995,1047557.2380217401,0.2185524,0.4591471
2023-12-05,997943.0162297995,1047350.7568615053,0.23958798,0.37172034
2023-12-06,997943.0162297995,1043132.4150059912,0.25431287,0.5498793
2023-12-07,997943.0162297995,1051087.9031220516,0.28202182,0.40793115
2023-12-08,997943.0162297995,1055604.3879163014,0.27360758,0.40288132
2023-12-11,997943.0162297995,1059707.9373420977,0.2591003,0.62494177
2023-12-12,997943.0162297995,1064545.2036491097,0.24415776,0.33813933
2023-12-13,997943.0162297995,1079217.3926528015,0.22355741,0.55826795
2023-12-14,997943.0162297995,1082679.0666101854,0.17510304,0.3781971
2023-12-15,997943.0162297995,1080897.4477319154,0.14724904,0.590331
2023-12-18,997943.0162297995,1086974.4657736022,0.1463786,0.33759117
2023-12-19,997943.0162297995,1093581.17144389,0.13774677,0.59951854
2023-12-20,997943.0162297995,1078434.170456965,0.1276642,0.4707036
2023-12-21,997943.0162297995,1088655.395493724,0.18148625,0.13669755
2023-12-22,997943.0162297995,1090842.3288093228,0.18583845,0.33118656
2023-12-26,997943.0162297995,1095446.6197539007,0.19555832,0.49402523
2023-12-27,997943.0162297995,1097426.3145276485,0.19367239,0.51220495
2023-12-28,997943.0162297995,1097840.7230270046,0.1957034,0.56122947
2023-12-29,997943.0162297995,1094663.6358666425,0.20310213,0.52390796
2024-01-02,997943.0162297995,1088539.813673358,0.22529829,0.3703844
2024-01-03,997943.0162297995,1079653.4345412622,0.26294473,0.22890224
2024-01-04,997943.0162297995,1076177.0268540832,0.31393784,0.5651785
2024-01-05,997943.0162297995,1077650.51303342,0.35426813,0.09497315
2024-01-08,997943.0162297995,1093029.0380810422,0.37066138,0.4242523
2024-01-09,997943.0162297995,1091371.4171503994,0.33120152,0.5974946
2024-01-10,997943.0162297995,1097541.3930278078,0.3158238,0.4904978
2024-01-11,997943.0162297995,1097057.8834905054,0.2847782,0.34645024
2024-01-12,997943.0162297995,1097817.5728416257,0.27259207,0.40832284
2024-01-16,997943.0162297995,1093788.4695117404,0.26686168,0.41354018
2024-01-17,997943.0162297995,1087710.2664273805,0.27912036,0.45670375
2024-01-18,997943.0162297995,1097380.2557025559,0.30639407,0.5020787
2024-01-19,997943.0162297995,1111056.6502384897,0.29362765,0.40733528
2024-01-22,997943.0162297995,1113405.1457907723,0.24996069,0.37862873
2024-01-23,997943.0162297995,1116651.754819175,0.22138132,0.40250075
2024-01-24,997943.0162297995,1117872.004432955,0.20237675,0.21620615
2024-01-25,997943.0162297995,1123950.6816669921,0.19519565,0.4366188
2024-01-26,997943.0162297995,1122523.141241502,0.18148625,0.6689453
2024-01-29,997943.0162297995,1131410.5821206295,0.18844976,0.5694294
2024-01-30,997943.0162297995,1130535.6974906996,0.1732171,0.494853
2024-01-31,997943.0162297995,1112092.2063473184,0.17887494,0.35501638
2024-02-01,997943.0162297995,1126644.1738884205,0.24510074,0.41791758
2024-02-02,997943.0162297995,1138502.049192729,0.23958798,0.21324684
2024-02-05,997943.0162297995,1134357.4948431237,0.21369246,0.5938718
2024-02-06,997943.0162297995,1137650.1144314972,0.21898761,0.27284253
2024-02-07,997943.0162297995,1147136.437961695,0.21731928,0.3471826
2024-02-08,997943.0162297995,1147643.07092477,0.19483297,0.34778842
2024-02-09,997943.0162297995,1154274.1677980914,0.19149628,0.46182233
2024-02-12,997943.0162297995,1153767.5930046306,0.17640871,0.44449255
2024-02-13,997943.0162297995,1137880.6557148336,0.18047075,0.44120592
2024-02-14,997943.0162297995,1148218.6708126152,0.23741187,0.456261
2024-02-15,997943.0162297995,1156139.1471612707,0.24132885,0.4253375
2024-02-16,997943.0162297995,1150382.9671693752,0.23276955,0.44454026
2024-02-20,997943.0162297995,1144050.8749782955,0.2514114,0.32997265
2024-02-21,997943.0162297995,1145086.9047261004,0.28129643,0.51650137
2024-02-22,997943.0162297995,1168780.4518938803,0.29768968,0.4524695
2024-02-23,997943.0162297995,1169586.377930999,0.2408211,0.6157942
2024-02-26,997943.0162297995,1165303.432240523,0.21688405,0.49094388
2024-02-27,997943.0162297995,1167467.9073752468,0.21746434,0.47937515
2024-02-28,997943.0162297995,1165925.1521155392,0.21833478,0.54451215
2024-02-29,997943.0162297995,1170115.8592652935,0.23066598,0.37778544
2024-03-01,997943.0162297995,1181099.8267927375,0.22914273,0.5576421
2024-03-04,997943.0162297995,1179833.2300914275,0.20767193,0.3877541
2024-03-05,997943.0162297995,1168043.2277264418,0.2082522,0.5168908
2024-03-06,997943.0162297995,1173961.3311031102,0.24618879,0.29225835
2024-03-07,997943.0162297995,1185613.366789839,0.25431287,0.22189066
2024-03-08,997943.0162297995,1178497.9441600887,0.23443788,0.58091384
2024-03-11,997943.0162297995,1177484.5604898052,0.24981561,0.22759512
2024-03-12,997943.0162297995,1190150.1445788254,0.2633074,0.6865414
2024-03-13,997943.0162297995,1188284.679551518,0.23893514,0.38556597
2024-03-14,997943.0162297995,1185935.825978255,0.23690411,0.40520152
2024-03-15,997943.0162297995,1177793.2061056658,0.24814728,0.24542755
2024-03-18,997943.0162297995,1184792.3988345126,0.28245702,0.52928734
2024-03-19,997943.0162297995,1191375.8172049802,0.28194928,0.40311325
2024-03-20,997943.0162297995,1202394.4582341183,0.26838496,0.5348786
2024-03-21,997943.0162297995,1206367.6131609718,0.23400266,0.22956245
2024-03-22,997943.0162297995,1204080.7883061662,0.21253186,0.5167244
2024-03-25,997943.0162297995,1200754.4501981519,0.21071845,0.52886677
2024-03-26,997943.0162297995,1198536.9430119046,0.22471799,0.29010794
2024-03-27,997943.0162297995,1208608.0672958859,0.24589865,0.414389
2024-03-28,997943.0162297995,1208377.421171601,0.2348731,0.26589307
2024-04-01,997943.0162297995,1206275.006473821,0.23813725,0.54922134
2024-04-02,997943.0162297995,1198606.023831248,0.25054097,0.4852838
2024-04-03,997943.0162297995,1199922.5668015862,0.28216687,0.57451475
2024-04-04,997943.0162297995,1185277.4473056472,0.29667416,0.28217205
2024-04-05,997943.0162297995,1197658.949201309,0.35165682,0.63504136
2024-04-08,997943.0162297995,1198328.779606207,0.34338766,0.62330955
2024-04-09,997943.0162297995,1199714.956396936,0.33831012,0.33174136
2024-04-10,997943.0162297995,1187702.7348925339,0.32888037,0.2984677
2024-04-11,997943.0162297995,1196665.5520121492,0.3583302,0.4369284
2024-04-12,997943.0162297995,1180148.918790312,0.3430975,0.6038249
2024-04-15,997943.0162297995,1165364.5953002227,0.383863,0.2808161
2024-04-16,997943.0162297995,1163239.3842271252,0.4400788,0.48266956
2024-04-17,997943.0162297995,1156355.53629654,0.47163215,0.5100457
2024-04-18,997943.0162297995,1153976.144163845,0.50217,0.46501467
2024-04-19,997943.0162297995,1143904.4191770325,0.51399344,0.91651106
2024-04-22,997943.0162297995,1154438.1309282575,0.5374227,0.4057685
2024-04-23,997943.0162297995,1168136.6822998927,0.50267774,0.52565557
2024-04-24,997943.0162297995,1167582.2382731375,0.43449348,0.5838454
2024-04-25,997943.0162297995,1163146.9062790833,0.39053637,0.48357388
2024-04-26,997943.0162297995,1174165.863661631,0.3721121,0.53977525
2024-04-29,997943.0162297995,1178323.8281352147,0.32467327,0.30438298
2024-04-30,997943.0162297995,1159658.8462183336,0.28869516,0.4403027
2024-05-01,997943.0162297995,1155893.5611796686,0.3229324,0.49823618
2024-05-02,997943.0162297995,1166704.3634733798,0.34977087,0.48853493
2024-05-03,997943.0162297995,1181165.217729653,0.3327248,0.55741465
2024-05-06,997943.0162297995,1193362.2502041922,0.28673667,0.5047207
2024-05-07,997943.0162297995,1194678.8975354638,0.22812721,0.41192237
2024-05-08,997943.0162297995,1194794.5048410967,0.196864,0.31320322
2024-05-09,997943.0162297995,1201678.2664476626,0.18351728,0.2939494
2024-05-10,997943.0162297995,1203226.295335517,0.16770433,0.5408538
2024-05-13,997943.0162297995,1203387.689440548,0.16356975,0.34439528
2024-05-14,997943.0162297995,1208908.7748356767,0.17046072,0.48246983
2024-05-15,997943.0162297995,1223878.2524258394,0.1700255,0.61051357
2024-05-16,997943.0162297995,1221360.151810851,0.1388348,0.6286645
2024-05-17,997943.0162297995,1223115.8175622656,0.14275178,0.26495102
2024-05-20,997943.0162297995,1224525.2927338264,0.14782934,0.46744025
2024-05-21,997943.0162297995,1227527.8092401219,0.16139366,0.5375339
2024-05-22,997943.0162297995,1223993.7951634163,0.17234667,0.5941658
2024-05-23,997943.0162297995,1215053.707039275,0.19744428,0.28041333
2024-05-24,997943.0162297995,1223093.0140576842,0.24314226,0.4469248
2024-05-28,997943.0162297995,1223947.5952205404,0.252572,0.35184515
2024-05-29,997943.0162297995,1215377.0554686917,0.2627271,0.5427945
2024-05-30,997943.0162297995,1207314.702067635,0.29232198,0.27057004
2024-05-31,997943.0162297995,1218310.8333625942,0.33279735,0.59038985
2024-06-03,997943.0162297995,1219304.2107139635,0.32583383,0.47025087
2024-06-04,997943.0162297995,1220667.1805189094,0.32307744,0.46374196
2024-06-05,997943.0162297995,1235174.310511013,0.31596887,0.35273284
2024-06-06,997943.0162297995,1235151.6345863116,0.27114135,0.37123322
2024-06-07,997943.0162297995,1233649.8624981178,0.25148395,0.57077205
2024-06-10,997943.0162297995,1237461.4738570552,0.2474219,0.24683341
2024-06-11,997943.0162297995,1240441.4714547577,0.23879007,0.48293918
2024-06-12,997943.0162297995,1250629.3553823605,0.23255193,0.434211
2024-06-13,997943.0162297995,1253147.189727671,0.2080346,0.45141536
2024-06-14,997943.0162297995,1253909.630599714,0.19773443,0.12078806
2024-06-17,997943.0162297995,1263889.1182959583,0.19519565,0.2656057
2024-06-18,997943.0162297995,1267100.2074501477,0.17568333,0.37981158
2024-06-20,997943.0162297995,1263658.0330647263,0.16755925,0.47019428
2024-06-21,997943.0162297995,1261963.8764842644,0.1817764,0.37455207
2024-06-24,997943.0162297995,1257861.9339226615,0.20179647,0.31530368
2024-06-25,997943.0162297995,1262705.6624244538,0.23197164,0.51049066
2024-06-26,997943.0162297995,1264281.5315992867,0.24335986,0.8802703
2024-06-27,997943.0162297995,1266274.6545149686,0.25184664,0.60847193
2024-06-28,997943.0162297995,1261291.8369893923,0.25445795,0.52141356
2024-07-01,997943.0162297995,1263887.6612304545,0.27338997,0.44245642
2024-07-02,997943.0162297995,1272393.1080377013,0.28093377,0.4855534
2024-07-03,997943.0162297995,1278071.2131903614,0.26577362,0.44548455
2024-07-05,997943.0162297995,1285440.7379905256,0.24705923,0.27586508
2024-07-08,997943.0162297995,1286924.3201198105,0.22297712,0.44794008
2024-07-09,997943.0162297995,1288175.6608059516,0.21093607,0.47674984
2024-07-10,997943.0162297995,1300922.485778813,0.2072367,0.35449153
2024-07-11,997943.0162297995,1289705.3244250892,0.1801806,0.4836427
2024-07-12,997943.0162297995,1297840.0683972542,0.20585851,0.56409556
2024-07-15,997943.0162297995,1301409.0829224072,0.20382749,0.30380267
2024-07-16,997943.0162297995,1309126.4110876888,0.20397256,0.775445
2024-07-17,997943.0162297995,1290771.3686044281,0.19149628,0.4219554
2024-07-18,997943.0162297995,1280852.055909083,0.24256197,0.56051487
2024-07-19,997943.0162297995,1272346.7045553746,0.29797983,0.6618338
2024-07-22,997943.0162297995,1285464.4255605463,0.35397798,0.5868413
2024-07-23,997943.0162297995,1283447.8927265154,0.34940818,0.6678878
2024-07-24,997943.0162297995,1254362.1599148947,0.35368785,0.43074235
2024-07-25,997943.0162297995,1247826.6963932202,0.42963353,0.581037
2024-07-26,997943.0162297995,1261801.7528642747,0.47736254,0.72513336
2024-07-29,997943.0162297995,1262543.256997412,0.46002632,0.29675558
2024-07-30,997943.0162297995,1256146.881160976,0.44203725,0.32690904
2024-07-31,997943.0162297995,1276564.6655360125,0.43906328,0.23206683
2024-08-01,997943.0162297995,1258487.6581322001,0.37385297,0.25462726
2024-08-02,997943.0162297995,1235057.0872511093,0.38625672,0.89240605
2024-08-05,997943.0162297995,1199088.3000671582,0.4462444,0.42115316
2024-08-06,997943.0162297995,1210143.1200000627,0.5705719,0.57189494
2024-08-07,997943.0162297995,1202054.604293416,0.5908821,0.50320834
2024-08-08,997943.0162297995,1229842.5835207712,0.61706775,0.17096542
2024-08-09,997943.0162297995,1235265.498351003,0.52908105,0.35550684
2024-08-12,997943.0162297995,1235914.5669649285,0.4579953,0.49330956
2024-08-13,997943.0162297995,1256239.6292175504,0.40199712,0.511638
2024-08-14,997943.0162297995,1260202.6451716009,0.30893284,0.6214587
2024-08-15,997943.0162297995,1281802.6161887464,0.24749444,0.5647569
2024-08-16,997943.0162297995,1284676.19751881,0.15841965,0.7152535
2024-08-19,997943.0162297995,1296959.3840976823,0.1147527,0.4267844
2024-08-20,997943.0162297995,1294850.4132080215,0.07108574,0.79642534
2024-08-21,997943.0162297995,1299299.8639621902,0.06934487,0.44314438
2024-08-22,997943.0162297995,1289102.8371530743,0.06883711,0.55706733
2024-08-23,997943.0162297995,1302799.517897052,0.11533299,0.2103419
2024-08-26,997943.0162297995,1299693.9981855932,0.11983025,0.6331273
2024-08-27,997943.0162297995,1301478.7040207563,0.1471765,0.64973915
2024-08-28,997943.0162297995,1293923.4793804535,0.1662536,0.3994249
2024-08-29,997943.0162297995,1294039.0216831896,0.21050085,0.5188404
2024-08-30,997943.0162297995,1306391.5773079079,0.23719427,0.5590724
2024-09-03,997943.0162297995,1279508.1539839522,0.22587858,0.29980808
2024-09-04,997943.0162297995,1276889.505600771,0.2963115,0.5467192
2024-09-05,997943.0162297995,1273783.989377792,0.342082,0.46136296
2024-09-06,997943.0162297995,1252346.4000421218,0.37682697,0.43491003
2024-09-09,997943.0162297995,1266367.2929401011,0.45429593,0.38639706
2024-09-10,997943.0162297995,1271883.1873453476,0.4460993,0.6046538
2024-09-11,997943.0162297995,1284931.189964767,0.42404822,0.5318816
2024-09-12,997943.0162297995,1295754.4099075347,0.37080646,0.30172104
2024-09-13,997943.0162297995,1302521.6180255713,0.30857015,0.50275224
2024-09-16,997943.0162297995,1304445.1198012568,0.25808477,0.46344125
2024-09-17,997943.0162297995,1304978.2048115286,0.22660394,0.29158816
2024-09-18,997943.0162297995,1301108.0824501598,0.2142002,0.6110462
2024-09-19,997943.0162297995,1323309.8960348791,0.22341233,0.32835817
2024-09-20,997943.0162297995,1321022.4188777187,0.17829464,0.3723506
2024-09-23,997943.0162297995,1324323.499059021,0.17176637,0.6120426
2024-09-24,997943.0162297995,1328112.753518701,0.16799447,0.5983967
2024-09-25,997943.0162297995,1325183.569380866,0.16581838,0.4029579
2024-09-26,997943.0162297995,1330437.4979586964,0.1833722,0.6064824
2024-09-27,997943.0162297995,1328507.7688961031,0.18721664,0.45199016
2024-09-30,997943.0162297995,1333831.4487412658,0.20535076,0.41948542
2024-10-01,997943.0162297995,1321882.4658927866,0.21006563,0.5151587
2024-10-02,997943.0162297995,1322440.5407904969,0.24792966,0.2140047
2024-10-03,997943.0162297995,1320023.075906935,0.27172163,0.3262932
2024-10-04,997943.0162297995,1332018.2641125321,0.2965291,0.40826735
2024-10-07,997943.0162297995,1319976.4365296867,0.27926543,0.37750027
2024-10-08,997943.0162297995,1332459.9236654341,0.30857015,0.48311785
2024-10-09,997943.0162297995,1341689.1292132156,0.2895656,0.74038595
2024-10-10,997943.0162297995,1339340.8456750575,0.26236442,0.6382559
2024-10-11,997943.0162297995,1347360.8729943119,0.25663403,0.31081313
2024-10-14,997943.0162297995,1358379.9742941528,0.23530832,0.38213065
2024-10-15,997943.0162297995,1347826.0919315347,0.20288451,0.53014725
2024-10-16,997943.0162297995,1353684.1467978016,0.21949537,0.4771848
2024-10-17,997943.0162297995,1353800.2656420679,0.2171742,0.39709586
2024-10-18,997943.0162297995,1359007.6472107843,0.22805467,0.46720168
2024-10-21,997943.0162297995,1356775.9252061495,0.22486307,0.26397124
2024-10-22,997943.0162297995,1356055.2222543291,0.2364689,0.46490481
2024-10-23,997943.0162297995,1343664.7574488483,0.24952547,0.39317673
2024-10-24,997943.0162297995,1346570.681068394,0.29232198,0.65879905
2024-10-25,997943.0162297995,1346105.616700434,0.31009343,0.39984658
2024-10-28,997943.0162297995,1350266.9302533476,0.32394788,0.5432883
2024-10-29,997943.0162297995,1352452.0098280814,0.32133657,0.13092539
2024-10-30,997943.0162297995,1348360.8821904624,0.31321248,0.55363536
2024-10-31,997943.0162297995,1321929.0145564964,0.32003093,0.5393625
2024-11-01,997943.0162297995,1327508.0654688175,0.38952085,0.47869053
2024-11-04,997943.0162297995,1324648.6364689383,0.4075099,0.33539084
2024-11-05,997943.0162297995,1340666.082868807,0.42245242,0.45922697
2024-11-06,997943.0162297995,1374001.8578943461,0.38451585,0.3806116
2024-11-07,997943.0162297995,1384625.5680010046,0.2788302,0.4987211
2024-11-08,997943.0162297995,1390623.3158569906,0.19758935,0.5659275
2024-11-11,997943.0162297995,1391948.6065011823,0.14246163,0.4487246
2024-11-12,997943.0162297995,1387624.6579579548,0.11954011,0.612107
2024-11-13,997943.0162297995,1388298.7120711864,0.12846209,0.46004698
2024-11-14,997943.0162297995,1379372.0610807769,0.14594339,0.5786824
2024-11-15,997943.0162297995,1361704.2162681902,0.1903357,0.39261305
2024-11-18,997943.0162297995,1367283.5518852873,0.26736945,0.55720717
2024-11-19,997943.0162297995,1372281.5607108877,0.2985601,0.55995893
2024-11-20,997943.0162297995,1372746.4809241341,0.30929554,0.20798288
2024-11-21,997943.0162297995,1380115.7472551754,0.3137928,0.16154379
2024-11-22,997943.0162297995,1384393.3410015837,0.29877773,0.6463238
2024-11-25,997943.0162297995,1389089.2072612848,0.2818042,0.35169646
2024-11-26,997943.0162297995,1396342.0625406718,0.2631623,0.3793866
2024-11-27,997943.0162297995,1392111.2624238462,0.23879007,0.60978127
2024-11-29,997943.0162297995,1400758.8771384505,0.24060348,0.6542375
2024-12-02,997943.0162297995,1403269.7974590645,0.2219616,0.4054678
2024-12-03,997943.0162297995,1403920.455238925,0.21688405,0.17736782
2024-12-04,997943.0162297995,1412637.9885437987,0.21811718,0.3262666
2024-12-05,997943.0162297995,1410313.3807362698,0.2064388,0.8739589
2024-12-06,997943.0162297995,1412987.0775346581,0.21673898,0.3367723
2024-12-09,997943.0162297995,1405710.66015503,0.22007565,0.47370508
2024-12-10,997943.0162297995,1401340.041142408,0.24676909,0.3730785
2024-12-11,997943.0162297995,1412173.219353023,0.2756386,0.423146
2024-12-12,997943.0162297995,1404897.0763490738,0.26896524,0.45841917
2024-12-13,997943.0162297995,1404618.0351547424,0.2889853,0.51795274
2024-12-16,997943.0162297995,1410615.669279229,0.2992855,0.4891219
2024-12-17,997943.0162297995,1404803.7728803933,0.29188678,0.6954892
2024-12-18,997943.0162297995,1362936.2868204622,0.3066842,0.5545541
2024-12-19,997943.0162297995,1362517.8699085421,0.41679457,0.48744306
2024-12-20,997943.0162297995,1378882.747415935,0.46720743,0.21605636
2024-12-23,997943.0162297995,1387139.7124682723,0.45291772,0.21483691
2024-12-24,997943.0162297995,1402557.701576653,0.41875306,0.5727083
2024-12-26,997943.0162297995,1402651.1483115768,0.35390544,0.42711285
2024-12-27,997943.0162297995,1387886.2803928028,0.31567872,0.61677283
2024-12-30,997943.0162297995,1372048.294837766,0.32655922,0.57188606
2024-12-31,997943.0162297995,1367056.9140731131,0.3700811,0.8022153
2025-01-02,997943.0162297995,1363698.0304166407,0.40337533,0.44734645
2025-01-03,997943.0162297995,1380748.6637347902,0.42709476,0.31234106
2025-01-06,997943.0162297995,1388702.6121704609,0.39271247,0.618566
2025-01-07,997943.0162297995,1373004.7067310677,0.35129413,0.45963863
2025-01-08,997943.0162297995,1375010.8503118963,0.36311758,0.32553422
2025-01-10,997943.0162297995,1354017.987144826,0.35687944,0.35681838
2025-01-13,997943.0162297995,1356117.4321675226,0.40598664,0.72907025
2025-01-14,997943.0162297995,1357983.3327340453,0.42071155,0.33208644
2025-01-15,997943.0162297995,1382684.7423083275,0.4199862,0.45067748
2025-01-16,997943.0162297995,1380025.6290066945,0.35267234,0.33861977
2025-01-17,997943.0162297995,1393881.0136909627,0.32307744,0.5192021
2025-01-21,997943.0162297995,1406639.5992920087,0.26678914,0.517105
2025-01-22,997943.0162297995,1414546.9033472561,0.2064388,0.5320968
2025-01-23,997943.0162297995,1422267.46076047,0.16444018,0.40734082
2025-01-24,997943.0162297995,1418115.6437365215,0.13397487,0.49963984
2025-01-27,997943.0162297995,1398056.0282411305,0.13897988,0.6953361
2025-01-28,997943.0162297995,1410068.514819883,0.20172393,0.37622535
2025-01-29,997943.0162297995,1403747.197073499,0.212822,0.4096599
2025-01-30,997943.0162297995,1411281.155952599,0.2456085,0.5301273
2025-01-31,997943.0162297995,1403770.7392494068,0.2480022,0.45280015
2025-02-03,997943.0162297995,1394323.9316254726,0.27498576,0.5340797
2025-02-04,997943.0162297995,1403677.4402702348,0.3137928,0.73494667
2025-02-05,997943.0162297995,1409368.6097446897,0.31495336,0.63930446
2025-02-06,997943.0162297995,1414266.9968641598,0.30479825,0.26763627
2025-02-07,997943.0162297995,1401321.766174926,0.28564864,0.37698874
2025-02-10,997943.0162297995,1410838.2024143494,0.30929554,0.28160062
2025-02-11,997943.0162297995,1411911.038327187,0.29529598,0.48342186
2025-02-12,997943.0162297995,1407362.8922861454,0.29188678,0.6243415
2025-02-13,997943.0162297995,1422220.8431794024,0.3018968,0.5799995
2025-02-14,997943.0162297995,1422150.9379896657,0.27476817,0.18401213
2025-02-18,997943.0162297995,1426326.1609371344,0.26359755,0.6326979
2025-02-19,997943.0162297995,1429685.0573806618,0.25068605,0.5401115
2025-02-20,997943.0162297995,1423737.2275777778,0.24096616,0.16264673
2025-02-21,997943.0162297995,1399385.5057001663,0.2547481,0.36871666
2025-02-24,997943.0162297995,1393017.6691945866,0.32431057,0.4175203
2025-02-25,997943.0162297995,1386090.0183369936,0.37501356,0.49484634
2025-02-26,997943.0162297995,1386789.6436037791,0.41824532,0.51198083
2025-02-27,997943.0162297995,1364653.9506971124,0.4371048,0.2672146
2025-02-28,997943.0162297995,1385950.2083311644,0.49411845,0.5488108
2025-03-03,997943.0162297995,1361668.5547427165,0.45930094,0.4210433
2025-03-04,997943.0162297995,1345550.7385993723,0.4956417,0.57472223
2025-03-05,997943.0162297995,1360012.3604889652,0.5369875,0.35412204
2025-03-06,997943.0162297995,1335870.805307322,0.5118899,0.6452841
2025-03-07,997943.0162297995,1343358.1238265103,0.5506969,0.64004236
2025-03-10,997943.0162297995,1307577.2898306437,0.5318374,0.5659608
2025-03-11,997943.0162297995,1296707.391820785,0.6017626,0.4627078
2025-03-12,997943.0162297995,1303588.5310366906,0.6455021,0.53708893
2025-03-13,997943.0162297995,1286211.2822328436,0.6336786,0.6127128
2025-03-14,997943.0162297995,1312778.837470947,0.65420645,0.3244657
2025-03-17,997943.0162297995,1322901.8810765892,0.5715874,0.44031268
2025-03-18,997943.0162297995,1308603.6181847267,0.4880254,0.32270032
2025-03-19,997943.0162297995,1322855.2293056527,0.46387073,0.40863794
2025-03-20,997943.0162297995,1319030.1115444216,0.3993858,0.4230173
2025-03-21,997943.0162297995,1319464.9935654697,0.3715318,0.46270004
2025-03-24,997943.0162297995,1343094.6662193604,0.34679687,0.55921
2025-03-25,997943.0162297995,1346322.9934627747,0.27331743,0.2832628
2025-03-26,997943.0162297995,1330250.38517644,0.2308836,0.5526977
2025-03-27,997943.0162297995,1326717.738250857,0.2509762,0.31319657
2025-03-28,997943.0162297995,1300000.1159464852,0.27056104,0.5850038
2025-03-31,997943.0162297995,1308726.648806021,0.36007106,0.5111564
2025-04-01,997943.0162297995,1312423.077572618,0.3778425,0.44744632
2025-04-02,997943.0162297995,1320728.452810694,0.38096157,0.5640001
2025-04-03,997943.0162297995,1255642.5348864968,0.35920063,0.2104917
2025-04-04,997943.0162297995,1182133.953444931,0.5128329,0.23510714
2025-04-07,997943.0162297995,1180028.4348415106,0.78230584,0.3122401
2025-04-08,997943.0162297995,1161546.0067359402,0.90242624,0.53624564
2025-04-09,997943.0162297995,1283529.704686849,0.99998784,0.41706318
2025-04-10,997943.0162297995,1227287.0421946605,0.6719779,0.5633066
2025-04-11,997943.0162297995,1249184.97771153,0.6368702,0.2523082
2025-04-14,997943.0162297995,1261303.9062571467,0.5065947,0.45905054
2025-04-15,997943.0162297995,1257771.2647608377,0.39822525,0.6718569
2025-04-16,997943.0162297995,1229813.5826363824,0.3386728,0.36549547
2025-04-17,997943.0162297995,1231568.4214169467,0.38038126,0.13558573
2025-04-21,997943.0162297995,1202254.0905336048,0.389811,0.43609065
2025-04-22,997943.0162297995,1233533.6974997986,0.47874072,0.5228361
2025-04-23,997943.0162297995,1252647.7210464424,0.4291258,0.30540714
2025-04-24,997943.0162297995,1279014.4933453728,0.35151175,0.32637864
2025-04-25,997943.0162297995,1288255.4904343153,0.23131882,0.37228847
2025-04-28,997943.0162297995,1288746.7004815578,0.14652367,0.54473186
2025-04-29,997943.0162297995,1296865.0437199427,0.103146866,0.7216137
2025-04-30,997943.0162297995,1297379.6519128836,0.07376959,0.5739954
2025-05-01,997943.0162297995,1306574.0108067899,0.0739872,0.38612634
2025-05-02,997943.0162297995,1325968.9856369414,0.066588484,0.5913219
2025-05-05,997943.0162297995,1318365.5320002853,0.02408211,0.3641007
2025-05-06,997943.0162297995,1307345.9779078634,0.03844433,0.58362126
2025-05-07,997943.0162297995,1312844.2021169793,0.09560307,0.5354301
2025-05-08,997943.0162297995,1321991.779397091,0.1265036,0.7417508
2025-05-09,997943.0162297995,1320307.417722136,0.15203644,0.17435637
2025-05-12,997943.0162297995,1363939.9358277384,0.16639867,0.3014359
2025-05-13,997943.0162297995,1372947.2743855051,0.08058802,0.26005322
2025-05-14,997943.0162297995,1374701.8307720185,0.032786485,0.15237735
2025-05-15,997943.0162297995,1381416.3170557905,0.013636857,0.4532773
2025-05-16,997943.0162297995,1390166.2800413987,0.0025387765,0.4577945
2025-05-19,997943.0162297995,1391686.8573177063,0.0,0.6476553
2025-05-20,997943.0162297995,1387007.8465249375,0.0140720755,0.40833613
2025-05-21,997943.0162297995,1363635.7581650584,0.059262298,0.29827794
2025-05-22,997943.0162297995,1364173.9107766072,0.15863727,0.4663362
2025-05-23,997943.0162297995,1354862.2516231763,0.22283204,0.21991667
2025-05-27,997943.0162297995,1383030.631809184,0.2917417,0.5107137
2025-05-28,997943.0162297995,1375029.254531235,0.26098624,0.43752313
2025-05-29,997943.0162297995,1380457.1468437004,0.2738977,0.586646
2025-05-30,997943.0162297995,1378912.8817326322,0.26417783,0.23500505
2025-06-02,997943.0162297995,1386680.4248399334,0.26874763,0.08232922
2025-06-03,997943.0162297995,1394587.923277946,0.25605375,0.59925663
2025-06-04,997943.0162297995,1394213.6999508438,0.23320477,0.17577332
2025-06-05,997943.0162297995,1387475.6655365797,0.22674902,0.7379626
2025-06-06,997943.0162297995,1401723.578102614,0.24589865,0.5085455
2025-06-09,997943.0162297995,1402986.92344278,0.22689408,0.25526863
2025-06-10,997943.0162297995,1410941.507275829,0.22217922,0.57915175
2025-06-11,997943.0162297995,1406917.3468118862,0.20992056,0.30943057
2025-06-12,997943.0162297995,1412508.881344071,0.21847986,0.6658373
2025-06-13,997943.0162297995,1396717.1336334746,0.21463542,0.49103707
2025-06-16,997943.0162297995,1410005.589278961,0.2597531,0.45954654
2025-06-17,997943.0162297995,1397957.0799421405,0.25445795,0.6249673
2025-06-18,997943.0162297995,1397746.3537885044,0.28920293,0.6984885
2025-06-20,997943.0162297995,1394463.849394121,0.30697435,0.5113095
2025-06-23,997943.0162297995,1408237.310699037,0.3255437,0.30575666
2025-06-24,997943.0162297995,1423794.5063978906,0.3039278,0.3128781
2025-06-25,997943.0162297995,1424592.203539701,0.25743195,0.41218978
2025-06-26,997943.0162297995,1435738.1596694922,0.23726681,0.39439178
2025-06-27,997943.0162297995,1442871.3637033813,0.19962038,0.41162056
2025-06-30,997943.0162297995,1449769.866940298,0.17256427,0.14836614
2025-07-01,997943.0162297995,1449300.751564867,0.15022303,0.4448465
2025-07-02,997943.0162297995,1455870.818568642,0.15123855,0.23836271
2025-07-03,997943.0162297995,1467345.2203967231,0.14724904,0.6384268
2025-07-07,997943.0162297995,1456410.4143199767,0.13092834,0.49085954
2025-07-08,997943.0162297995,1455612.715856147,0.16016053,0.34275085
2025-07-09,997943.0162297995,1464341.46849826,0.18801454,0.41016588
2025-07-10,997943.0162297995,1468471.215317984,0.1930921,0.4093825
2025-07-11,997943.0162297995,1463309.0669293383,0.19744428,0.5727072
2025-07-14,997943.0162297995,1466101.3730371094,0.21847986,0.34340993
2025-07-15,997943.0162297995,1459836.3409382405,0.23008569,0.5430275
2025-07-16,997943.0162297995,1464716.8469806134,0.2563439,0.63839793
2025-07-17,997943.0162297995,1473680.4487161292,0.2654835,0.3640186
2025-07-18,997943.0162297995,1472601.10739624,0.25315228,0.669074
2025-07-21,997943.0162297995,1475393.4136784764,0.25482062,0.5837333
2025-07-22,997943.0162297995,1475604.5733456165,0.25184664,0.43726793
2025-07-23,997943.0162297995,1488158.1806566839,0.25641644,0.36935246
2025-07-24,997943.0162297995,1488650.9830259338,0.23494564,0.26904213
2025-07-25,997943.0162297995,1494939.4137674887,0.22834481,0.5143665
2025-07-28,997943.0162297995,1494564.1790086608,0.21586855,0.44690704
2025-07-29,997943.0162297995,1490622.0481021116,0.21746434,0.39552468
2025-07-30,997943.0162297995,1488744.863432658,0.23356745,0.59929883
2025-07-31,997943.0162297995,1483160.2501235036,0.25184664,0.17354968
2025-08-01,997943.0162297995,1458850.7326405053,0.28071615,0.7045968
2025-08-04,997943.0162297995,1481024.8220280334,0.35586393,0.5212671
2025-08-05,997943.0162297995,1473516.2285084077,0.34026858,0.376961
2025-08-06,997943.0162297995,1484802.8775951494,0.35513857,0.43235016
2025-08-07,997943.0162297995,1483559.1723509862,0.3319269,0.28192794
2025-08-08,997943.0162297995,1495127.3200484503,0.32285985,0.6878862
2025-08-11,997943.0162297995,1492170.6496966959,0.28869516,0.41292545
2025-08-12,997943.0162297995,1508056.30766568,0.2806436,0.42648593
2025-08-13,997943.0162297995,1513218.6013796686,0.2402408,0.13950151
2025-08-14,997943.0162297995,1513359.42261394,0.21499811,0.5221426
2025-08-15,997943.0162297995,1509816.2127611921,0.20672895,0.5657433
2025-08-18,997943.0162297995,1509487.7739813125,0.21615869,0.77042073
2025-08-19,997943.0162297995,1501298.4705470377,0.22936033,0.37721843
2025-08-20,997943.0162297995,1497309.3987752444,0.2619292,0.520031
2025-08-21,997943.0162297995,1491302.4654899419,0.29362765,0.34470707
2025-08-22,997943.0162297995,1514204.062097591,0.32670426,0.5091968
2025-08-25,997943.0162297995,1507539.962307884,0.29384527,0.58616
2025-08-26,997943.0162297995,1513852.0811309556,0.29580373,0.3766226
2025-08-27,997943.0162297995,1517301.4102058022,0.27955556,0.58233523
2025-08-28,997943.0162297995,1522674.8643686122,0.2670793,0.28809956
2025-08-29,997943.0162297995,1513593.9801804759,0.2509762,0.5237681
2025-09-02,997943.0162297995,1502377.8106919907,0.26526588,0.58075184
2025-09-03,997943.0162297995,1510520.0297411983,0.3040729,0.19971523
2025-09-04,997943.0162297995,1523144.2678868026,0.30632153,0.64370847
2025-09-05,997943.0162297995,1518732.5873579998,0.28506833,0.5002501
2025-09-08,997943.0162297995,1522463.8479228138,0.28528595,0.6782449
2025-09-09,997943.0162297995,1525983.3707110288,0.27795976,0.27571306
2025-09-10,997943.0162297995,1530394.762187106,0.26882017,0.43005663
2025-09-11,997943.0162297995,1543112.59078456,0.25924537,0.3404462
2025-09-12,997943.0162297995,1542596.2458251575,0.2295054,0.26702374
2025-09-15,997943.0162297995,1550809.0916492508,0.2209461,0.6262788
2025-09-16,997943.0162297995,1548673.8066025001,0.20281197,0.34324017
2025-09-17,997943.0162297995,1546749.6811766727,0.20651133,0.16849655
2025-09-18,997943.0162297995,1553976.778076948,0.2185524,0.3301391
2025-09-19,997943.0162297995,1561673.4235694446,0.21681152,0.60184425
2025-09-22,997943.0162297995,1569061.7062449204,0.20745431,0.6488537
2025-09-23,997943.0162297995,1560520.5654968955,0.19657384,0.17157681
2025-09-24,997943.0162297995,1555555.5654082233,0.21499811,0.43236792
2025-09-25,997943.0162297995,1548379.0194775097,0.24198167,0.35360608
2025-09-26,997943.0162297995,1557249.8995799057,0.27868512,0.5146383
2025-09-29,997943.0162297995,1561626.3391754343,0.2830373,0.46146062
2025-09-30,997943.0162297995,1567508.773409666,0.27970064,0.48707357
2025-10-01,997943.0162297995,1572850.1649207328,0.26686168,0.5190379
2025-10-02,997943.0162297995,1574661.6334794795,0.25329736,0.2118909
2025-10-03,997943.0162297995,1574638.379830725,0.24662401,0.33689213
2025-10-06,997943.0162297995,1580285.3897108152,0.24618879,0.58814734
2025-10-07,997943.0162297995,1574426.4973592246,0.23922528,0.23639981
2025-10-08,997943.0162297995,1583814.8797150645,0.25445795,0.43791372
2025-10-09,997943.0162297995,1579226.5572121262,0.24604371,0.4658846
2025-10-10,997943.0162297995,1536543.5156461908,0.25924537,0.33047196
2025-10-13,997943.0162297995,1560120.3412783789,0.36108658,0.5231013
2025-10-14,997943.0162297995,1558214.4136717443,0.3595633,0.5625665
2025-10-15,997943.0162297995,1565132.2838059897,0.36906558,0.5375738
2025-10-16,997943.0162297995,1554473.3298211347,0.35296246,0.567481
2025-10-17,997943.0162297995,1563296.9835029177,0.36623666,0.5711238
2025-10-20,997943.0162297995,1579556.0081527333,0.34904552,0.46683663
2025-10-21,997943.0162297995,1579532.3212233835,0.30516094,0.37707973
2025-10-22,997943.0162297995,1571320.6269812323,0.2814415,0.46736258
2025-10-23,997943.0162297995,1580638.3834246127,0.28608385,0.4784109
2025-10-24,997943.0162297995,1593556.257394891,0.26954553,0.41812727
2025-10-27,997943.0162297995,1612356.5674186493,0.2402408,0.5679026
2025-10-28,997943.0162297995,1616638.9830353423,0.19004557,0.7038245
2025-10-29,997943.0162297995,1617415.450678455,0.16269931,0.67610776
2025-10-30,997943.0162297995,1599626.8882438163,0.15435761,0.53896415
2025-10-31,997943.0162297995,1604874.1109683458,0.19758935,0.46359658
2025-11-03,997943.0162297995,1607885.9562287158,0.21688405,0.38418895
2025-11-04,997943.0162297995,1588826.8236239254,0.23255193,0.67986935
2025-11-05,997943.0162297995,1594332.7246298594,0.2868092,0.6407015
2025-11-06,997943.0162297995,1577226.604280468,0.30603138,0.6147678
2025-11-07,997943.0162297995,1578779.3951881502,0.3565893,0.5148425
2025-11-10,997943.0162297995,1603415.3453647872,0.37291,0.7770073
2025-11-11,997943.0162297995,1607085.801670388,0.33359525,0.6101729
2025-11-12,997943.0162297995,1607979.9816096257,0.30421796,0.23408741
2025-11-13,997943.0162297995,1581297.1370938548,0.28448805,0.76113886
2025-11-14,997943.0162297995,1581038.458943279,0.33018604,0.37586027
2025-11-17,997943.0162297995,1566308.681594569,0.35368785,0.46844113
2025-11-18,997943.0162297995,1553155.6711878912,0.40112668,0.37514237
2025-11-19,997943.0162297995,1559155.8195446148,0.44842046,0.43530062
2025-11-20,997943.0162297995,1535390.6511283882,0.45291772,0.4942627
2025-11-21,997943.0162297995,1550685.013439302,0.5027503,0.4427416
2025-11-24,997943.0162297995,1573508.7724308737,0.48120695,0.3703056
2025-11-25,997943.0162297995,1588309.031817586,0.41476354,0.54920137
2025-11-26,997943.0162297995,1599274.0378100735,0.33961576,0.5417027
2025-11-28,997943.0162297995,1608003.5216311747,0.2708512,0.43994984
2025-12-01,997943.0162297995,1600662.3204633638,0.21463542,0.40719992
2025-12-02,997943.0162297995,1603627.0805906071,0.20687403,0.38151816
2025-12-03,997943.0162297995,1609180.0658884153,0.20201407,0.37802622
2025-12-04,997943.0162297995,1610356.4662491987,0.19555832,0.64831
2025-12-05,997943.0162297995,1613415.396154234,0.20063588,0.5059901
2025-12-08,997943.0162297995,1608568.250966853,0.20288451,0.280086
2025-12-09,997943.0162297995,1607179.824059195,0.22399263,0.48579308
2025-12-10,997943.0162297995,1617839.0660042204,0.24633387,0.3187235
2025-12-11,997943.0162297995,1621603.6917878008,0.24089363,0.41536325
2025-12-12,997943.0162297995,1604168.1229348914,0.23690411,0.34620392
2025-12-15,997943.0162297995,1601744.550293422,0.2734625,0.4507263
2025-12-16,997943.0162297995,1597368.109679661,0.30102637,0.5195683
2025-12-17,997943.0162297995,1579791.2865964568,0.32786486,0.25847316
2025-12-18,997943.0162297995,1591720.8102484813,0.37980098,0.5457649
2025-12-19,997943.0162297995,1606147.2779819502,0.3792207,0.1698536
2025-12-22,997943.0162297995,1616153.3977568669,0.34592643,0.38558817
2025-12-23,997943.0162297995,1623539.9502820869,0.3078448,0.5199267
2025-12-24,997943.0162297995,1629250.94440844,0.27172163,0.5123248
2025-12-26,997943.0162297995,1629085.7138889546,0.24198167,0.48632902
2025-12-29,997943.0162297995,1623280.260686234,0.23066598,0.35927394
